{"initial_reset_timestamp": 1603304165.6934764, "timestamps": [1603304178.8609803, 1603304188.7540665, 1603304191.9564166, 1603304198.0059233, 1603304205.4029317, 1603304215.1083503, 1603304224.2661982, 1603304231.6548438, 1603304239.929996, 1603304248.720003, 1603304251.7523215], "episode_lengths": [561, 490, 235, 516, 675, 878, 764, 533, 600, 732, 267], "episode_rewards": [0.0, 0.0, 0.0, 0.0, 0.0, 0.0, 0.0, 0.0, 0.0, 0.0, 0.0], "episode_types": ["t", "t", "t", "t", "t", "t", "t", "t", "t", "t", "t", "t"]}