{"initial_reset_timestamp": 1603304165.7922199, "timestamps": [1603304174.7090907, 1603304190.2545233, 1603304193.8934264, 1603304203.6291766, 1603304212.952428, 1603304219.8172514, 1603304230.1982121, 1603304242.7271183, 1603304249.3307989, 1603304252.1657655], "episode_lengths": [409, 748, 283, 869, 860, 617, 766, 935, 539, 249], "episode_rewards": [0.0, 0.0, 0.0, 0.0, 0.0, 0.0, 0.0, 0.0, 0.0, 0.0], "episode_types": ["t", "t", "t", "t", "t", "t", "t", "t", "t", "t", "t"]}