{"initial_reset_timestamp": 1603304165.7719538, "timestamps": [1603304180.7026243, 1603304192.168519, 1603304197.3370693, 1603304201.9380617, 1603304209.7724817, 1603304215.0828705, 1603304218.5337203, 1603304223.0318956, 1603304227.1438968, 1603304235.6940827, 1603304242.1953175, 1603304249.5803785], "episode_lengths": [658, 645, 448, 422, 702, 478, 323, 364, 282, 621, 500, 607], "episode_rewards": [0.0, 0.0, 0.0, 0.0, 0.0, 0.0, 0.0, 0.0, 0.0, 0.0, 0.0, 0.0], "episode_types": ["t", "t", "t", "t", "t", "t", "t", "t", "t", "t", "t", "t", "t"]}