{"initial_reset_timestamp": 1603304165.7719424, "timestamps": [1603304169.8699987, 1603304179.995478, 1603304193.3632243, 1603304199.695768, 1603304210.7381413, 1603304213.809172, 1603304222.8326228, 1603304235.3428953, 1603304244.9802723, 1603304251.0746446], "episode_lengths": [255, 377, 775, 551, 1000, 284, 780, 896, 734, 532], "episode_rewards": [0.0, 0.0, 0.0, 0.0, 0.0, 0.0, 0.0, 0.0, 0.0, 0.0], "episode_types": ["t", "t", "t", "t", "t", "t", "t", "t", "t", "t", "t"]}