{"initial_reset_timestamp": 1603304165.693388, "timestamps": [1603304174.3831117, 1603304182.1500123, 1603304190.7007794, 1603304198.5994794, 1603304205.8375788, 1603304210.6977527, 1603304218.562682, 1603304222.7272696, 1603304233.0538168, 1603304240.6006343, 1603304251.8006365], "episode_lengths": [391, 346, 457, 669, 660, 432, 723, 340, 739, 555, 943], "episode_rewards": [0.0, 0.0, 0.0, 0.0, 0.0, 0.0, 0.0, 0.0, 0.0, 0.0, 0.0], "episode_types": ["t", "t", "t", "t", "t", "t", "t", "t", "t", "t", "t", "t"]}