{"initial_reset_timestamp": 1603304165.6934738, "timestamps": [1603304174.8056972, 1603304187.1913784, 1603304191.3792548, 1603304197.7173269, 1603304203.2142947, 1603304208.8483548, 1603304215.3107631, 1603304220.1262126, 1603304228.0218942, 1603304238.9374063, 1603304244.1072764, 1603304246.8532302, 1603304249.8254335], "episode_lengths": [411, 562, 281, 536, 496, 513, 577, 442, 562, 810, 397, 232, 255], "episode_rewards": [0.0, 0.0, 0.0, 0.0, 0.0, 0.0, 0.0, 0.0, 0.0, 0.0, 0.0, 0.0, 0.0], "episode_types": ["t", "t", "t", "t", "t", "t", "t", "t", "t", "t", "t", "t", "t", "t"]}