{"initial_reset_timestamp": 1603304165.7410297, "timestamps": [1603304181.7431986, 1603304195.3447778, 1603304203.9541838, 1603304211.5169563, 1603304216.0088336, 1603304219.6368968, 1603304233.2188916, 1603304238.6605968, 1603304245.2185209, 1603304251.1057365], "episode_lengths": [718, 846, 780, 696, 408, 321, 1000, 401, 504, 512], "episode_rewards": [0.0, 0.0, 0.0, 0.0, 0.0, 0.0, 0.0, 0.0, 0.0, 0.0], "episode_types": ["t", "t", "t", "t", "t", "t", "t", "t", "t", "t", "t"]}