{"initial_reset_timestamp": 1603304165.7922027, "timestamps": [1603304172.3075142, 1603304186.7734373, 1603304196.6893246, 1603304202.291211, 1603304213.1792684, 1603304217.3254757, 1603304224.1472852, 1603304234.8958988, 1603304244.181338, 1603304251.4731574], "episode_lengths": [297, 646, 741, 508, 1000, 373, 549, 774, 705, 629], "episode_rewards": [0.0, 0.0, 0.0, 0.0, 0.0, 0.0, 0.0, 0.0, 0.0, 0.0], "episode_types": ["t", "t", "t", "t", "t", "t", "t", "t", "t", "t", "t"]}