{"initial_reset_timestamp": 1603304165.7921903, "timestamps": [1603304186.0679598, 1603304195.372995, 1603304200.1178973, 1603304205.2932355, 1603304207.5067294, 1603304214.4711568, 1603304226.9786696, 1603304234.6536558, 1603304241.116723, 1603304246.5488505], "episode_lengths": [897, 668, 436, 466, 209, 632, 1000, 565, 487, 428], "episode_rewards": [0.0, 0.0, 0.0, 0.0, 0.0, 0.0, 0.0, 0.0, 0.0, 0.0], "episode_types": ["t", "t", "t", "t", "t", "t", "t", "t", "t", "t", "t"]}