{"initial_reset_timestamp": 1603304165.7921174, "timestamps": [1603304181.9367225, 1603304190.5437071, 1603304200.7985625, 1603304209.5198567, 1603304220.7412581, 1603304226.825606, 1603304233.149395, 1603304239.1177118, 1603304243.6571205, 1603304248.823069, 1603304252.609543], "episode_lengths": [726, 455, 873, 797, 1000, 446, 467, 435, 349, 445, 329], "episode_rewards": [0.0, 0.0, 0.0, 0.0, 0.0, 0.0, 0.0, 0.0, 0.0, 0.0, 0.0], "episode_types": ["t", "t", "t", "t", "t", "t", "t", "t", "t", "t", "t", "t"]}