{"initial_reset_timestamp": 1603304165.7479122, "timestamps": [1603304184.3634253, 1603304191.8989398, 1603304198.180556, 1603304203.1222336, 1603304208.7484868, 1603304211.2459974, 1603304220.6864219, 1603304224.148196, 1603304226.8791296, 1603304229.9911766, 1603304236.7736757, 1603304247.414318, 1603304252.7645233], "episode_lengths": [796, 486, 538, 457, 512, 224, 833, 268, 187, 239, 473, 859, 464], "episode_rewards": [0.0, 0.0, 0.0, 0.0, 0.0, 0.0, 0.0, 0.0, 0.0, 0.0, 0.0, 0.0, 0.0], "episode_types": ["t", "t", "t", "t", "t", "t", "t", "t", "t", "t", "t", "t", "t", "t"]}