{"initial_reset_timestamp": 1603304165.6934571, "timestamps": [1603304185.5729008, 1603304193.9092102, 1603304199.7693837, 1603304209.289705, 1603304215.9796348, 1603304219.2552395, 1603304230.5894582, 1603304236.14574, 1603304245.6497886, 1603304249.853167, 1603304253.0782754], "episode_lengths": [881, 560, 524, 863, 618, 283, 852, 401, 733, 361, 293], "episode_rewards": [0.0, 0.0, 0.0, 0.0, 0.0, 0.0, 0.0, 0.0, 0.0, 0.0, 0.0], "episode_types": ["t", "t", "t", "t", "t", "t", "t", "t", "t", "t", "t", "t"]}