{"initial_reset_timestamp": 1603304165.7400935, "timestamps": [1603304174.385564, 1603304189.6788514, 1603304193.5684419, 1603304203.3479617, 1603304208.2263525, 1603304217.126827, 1603304223.6715834, 1603304230.7514024, 1603304236.5380993, 1603304242.9350615], "episode_lengths": [391, 732, 287, 889, 435, 811, 545, 504, 399, 508], "episode_rewards": [0.0, 0.0, 0.0, 0.0, 0.0, 0.0, 0.0, 0.0, 0.0, 0.0], "episode_types": ["t", "t", "t", "t", "t", "t", "t", "t", "t", "t", "t"]}