{"initial_reset_timestamp": 1603304165.6935322, "timestamps": [1603304175.6070201, 1603304193.90929, 1603304205.0487602, 1603304212.369845, 1603304218.7599065, 1603304224.5430872, 1603304231.5027888, 1603304234.271677, 1603304241.1147006, 1603304250.3806589], "episode_lengths": [448, 993, 1000, 668, 587, 448, 495, 221, 500, 770], "episode_rewards": [0.0, 0.0, 0.0, 0.0, 0.0, 0.0, 0.0, 0.0, 0.0, 0.0], "episode_types": ["t", "t", "t", "t", "t", "t", "t", "t", "t", "t", "t"]}