{"initial_reset_timestamp": 1603304165.740125, "timestamps": [1603304180.9333622, 1603304186.9932926, 1603304194.0890691, 1603304197.6812482, 1603304205.9683163, 1603304214.949412, 1603304219.8893178, 1603304226.5288873, 1603304240.2584531, 1603304244.816913, 1603304249.6829984], "episode_lengths": [670, 289, 498, 330, 749, 803, 454, 488, 1000, 356, 423], "episode_rewards": [0.0, 0.0, 0.0, 0.0, 0.0, 0.0, 0.0, 0.0, 0.0, 0.0, 0.0], "episode_types": ["t", "t", "t", "t", "t", "t", "t", "t", "t", "t", "t", "t"]}