{"initial_reset_timestamp": 1603304165.693477, "timestamps": [1603304175.7338817, 1603304191.4780617, 1603304196.7392197, 1603304204.6165774, 1603304212.0677352, 1603304216.3851624, 1603304219.1455035, 1603304226.410176, 1603304236.2693412, 1603304242.231667, 1603304248.523482], "episode_lengths": [452, 809, 428, 725, 664, 392, 248, 558, 711, 459, 518], "episode_rewards": [0.0, 0.0, 0.0, 0.0, 0.0, 0.0, 0.0, 0.0, 0.0, 0.0, 0.0], "episode_types": ["t", "t", "t", "t", "t", "t", "t", "t", "t", "t", "t", "t"]}