{"initial_reset_timestamp": 1603304165.7719605, "timestamps": [1603304173.105612, 1603304179.035661, 1603304195.4199066, 1603304198.8626747, 1603304207.4269013, 1603304214.163984, 1603304219.7418354, 1603304230.2515247, 1603304233.4497666, 1603304245.3495252], "episode_lengths": [319, 249, 1000, 319, 782, 608, 502, 777, 233, 896], "episode_rewards": [0.0, 0.0, 0.0, 0.0, 0.0, 0.0, 0.0, 0.0, 0.0, 0.0], "episode_types": ["t", "t", "t", "t", "t", "t", "t", "t", "t", "t", "t"]}