{"initial_reset_timestamp": 1603304165.7551007, "timestamps": [1603304169.6639173, 1603304181.8518877, 1603304193.2758577, 1603304198.225203, 1603304203.385666, 1603304208.1943052, 1603304212.7674437, 1603304223.4324024, 1603304231.1484158, 1603304235.2249339, 1603304241.2769194, 1603304248.2478528], "episode_lengths": [245, 476, 679, 424, 478, 430, 418, 924, 534, 302, 463, 563], "episode_rewards": [0.0, 0.0, 0.0, 0.0, 0.0, 0.0, 0.0, 0.0, 0.0, 0.0, 0.0, 0.0], "episode_types": ["t", "t", "t", "t", "t", "t", "t", "t", "t", "t", "t", "t", "t"]}