{"initial_reset_timestamp": 1603304165.707954, "timestamps": [1603304187.3193123, 1603304193.186746, 1603304202.4466858, 1603304206.6474648, 1603304211.3485327, 1603304222.8529377, 1603304236.887421, 1603304242.5945823, 1603304251.2307274], "episode_lengths": [982, 411, 815, 381, 434, 1000, 1000, 458, 717], "episode_rewards": [0.0, 0.0, 0.0, 0.0, 0.0, 0.0, 0.0, 0.0, 0.0], "episode_types": ["t", "t", "t", "t", "t", "t", "t", "t", "t", "t"]}