{"initial_reset_timestamp": 1603304165.715877, "timestamps": [1603304180.5367296, 1603304187.6114826, 1603304195.076174, 1603304202.6200466, 1603304207.0148642, 1603304216.4272172, 1603304229.0236924, 1603304239.0009155, 1603304243.708484, 1603304247.766112], "episode_lengths": [651, 349, 539, 687, 402, 845, 994, 727, 357, 339], "episode_rewards": [0.0, 0.0, 0.0, 0.0, 0.0, 0.0, 0.0, 0.0, 0.0, 0.0], "episode_types": ["t", "t", "t", "t", "t", "t", "t", "t", "t", "t", "t"]}