{"initial_reset_timestamp": 1603304165.7079313, "timestamps": [1603304178.5770123, 1603304184.751643, 1603304192.401168, 1603304196.5537596, 1603304201.0324535, 1603304211.7627385, 1603304218.4959981, 1603304226.643701, 1603304238.1638846, 1603304244.0369086, 1603304250.8931348, 1603304252.7449737], "episode_lengths": [546, 275, 501, 348, 408, 986, 609, 613, 839, 456, 585, 169], "episode_rewards": [0.0, 0.0, 0.0, 0.0, 0.0, 0.0, 0.0, 0.0, 0.0, 0.0, 0.0, 0.0], "episode_types": ["t", "t", "t", "t", "t", "t", "t", "t", "t", "t", "t", "t", "t"]}