{"initial_reset_timestamp": 1603304165.7079408, "timestamps": [1603304175.5259974, 1603304181.6263993, 1603304189.004331, 1603304191.384945, 1603304198.7420754, 1603304207.3050575, 1603304212.252416, 1603304221.4099574, 1603304228.9713118, 1603304234.8603132, 1603304241.167406, 1603304246.9986222], "episode_lengths": [447, 264, 356, 187, 622, 781, 440, 817, 550, 422, 477, 469], "episode_rewards": [0.0, 0.0, 0.0, 0.0, 0.0, 0.0, 0.0, 0.0, 0.0, 0.0, 0.0, 0.0], "episode_types": ["t", "t", "t", "t", "t", "t", "t", "t", "t", "t", "t", "t", "t"]}