{"initial_reset_timestamp": 1603304165.7163203, "timestamps": [1603304183.983362, 1603304195.182245, 1603304202.8244023, 1603304213.858989, 1603304224.501228, 1603304230.9036126, 1603304238.9816742, 1603304243.3968563, 1603304248.1529694], "episode_lengths": [791, 758, 697, 1000, 895, 461, 591, 336, 400], "episode_rewards": [0.0, 0.0, 0.0, 0.0, 0.0, 0.0, 0.0, 0.0, 0.0], "episode_types": ["t", "t", "t", "t", "t", "t", "t", "t", "t", "t"]}