{"initial_reset_timestamp": 1603304165.7922761, "timestamps": [1603304181.4687617, 1603304189.582214, 1603304198.7868018, 1603304202.6746898, 1603304209.7344072, 1603304217.0255628, 1603304222.3821807, 1603304227.936617, 1603304237.9099603, 1603304240.8268878, 1603304244.3717422, 1603304249.9100206], "episode_lengths": [704, 412, 764, 351, 641, 664, 447, 395, 740, 215, 277, 471], "episode_rewards": [0.0, 0.0, 0.0, 0.0, 0.0, 0.0, 0.0, 0.0, 0.0, 0.0, 0.0, 0.0], "episode_types": ["t", "t", "t", "t", "t", "t", "t", "t", "t", "t", "t", "t", "t"]}