{"initial_reset_timestamp": 1603304165.740085, "timestamps": [1603304180.422314, 1603304192.6010926, 1603304196.8839319, 1603304204.2256289, 1603304208.2457292, 1603304212.511264, 1603304219.4263475, 1603304226.1274521, 1603304236.2989237, 1603304248.1986945], "episode_lengths": [648, 692, 363, 669, 363, 388, 624, 508, 733, 944], "episode_rewards": [0.0, 0.0, 0.0, 0.0, 0.0, 0.0, 0.0, 0.0, 0.0, 0.0], "episode_types": ["t", "t", "t", "t", "t", "t", "t", "t", "t", "t", "t"]}