{"initial_reset_timestamp": 1603304165.6935394, "timestamps": [1603304187.611869, 1603304192.312287, 1603304201.6403232, 1603304205.3765721, 1603304209.5450253, 1603304214.5333173, 1603304218.620695, 1603304225.753551, 1603304235.2805552, 1603304241.7444766, 1603304246.8798208], "episode_lengths": [1000, 315, 827, 333, 378, 461, 369, 545, 686, 487, 420], "episode_rewards": [0.0, 0.0, 0.0, 0.0, 0.0, 0.0, 0.0, 0.0, 0.0, 0.0, 0.0], "episode_types": ["t", "t", "t", "t", "t", "t", "t", "t", "t", "t", "t", "t"]}