{"initial_reset_timestamp": 1603304165.6935325, "timestamps": [1603304175.0643044, 1603304185.4536579, 1603304194.5127196, 1603304200.3488638, 1603304206.1594737, 1603304210.1346142, 1603304215.9383914, 1603304224.0227668, 1603304236.0306115, 1603304241.7932198, 1603304247.073821, 1603304251.5172324], "episode_lengths": [424, 449, 627, 525, 531, 357, 530, 665, 865, 432, 434, 387], "episode_rewards": [0.0, 0.0, 0.0, 0.0, 0.0, 0.0, 0.0, 0.0, 0.0, 0.0, 0.0, 0.0], "episode_types": ["t", "t", "t", "t", "t", "t", "t", "t", "t", "t", "t", "t", "t"]}