{"initial_reset_timestamp": 1603304165.6935446, "timestamps": [1603304176.5342464, 1603304193.6634836, 1603304196.837695, 1603304201.015017, 1603304209.3811405, 1603304214.5883155, 1603304219.092309, 1603304225.3916025, 1603304233.9660134, 1603304241.6489167, 1603304247.3337276, 1603304250.712363], "episode_lengths": [495, 924, 280, 378, 760, 482, 394, 503, 617, 559, 473, 282], "episode_rewards": [0.0, 0.0, 0.0, 0.0, 0.0, 0.0, 0.0, 0.0, 0.0, 0.0, 0.0, 0.0], "episode_types": ["t", "t", "t", "t", "t", "t", "t", "t", "t", "t", "t", "t", "t"]}