{"initial_reset_timestamp": 1603304165.7400763, "timestamps": [1603304175.9764793, 1603304184.822477, 1603304190.4462852, 1603304194.845666, 1603304200.5246968, 1603304211.5533264, 1603304216.48207, 1603304220.8229742, 1603304224.774907, 1603304228.7514577, 1603304238.3914633, 1603304249.2212143, 1603304252.6363387], "episode_lengths": [464, 361, 348, 360, 510, 1000, 435, 381, 300, 286, 700, 871, 308], "episode_rewards": [0.0, 0.0, 0.0, 0.0, 0.0, 0.0, 0.0, 0.0, 0.0, 0.0, 0.0, 0.0, 0.0], "episode_types": ["t", "t", "t", "t", "t", "t", "t", "t", "t", "t", "t", "t", "t", "t"]}