{"initial_reset_timestamp": 1603304165.7921438, "timestamps": [1603304175.2471087, 1603304188.8457615, 1603304193.294979, 1603304198.6214383, 1603304203.3445246, 1603304214.380054, 1603304218.4935598, 1603304221.9308426, 1603304226.0362043, 1603304231.754271, 1603304235.0500464, 1603304243.839142], "episode_lengths": [432, 625, 344, 463, 435, 1000, 374, 288, 287, 407, 240, 667], "episode_rewards": [0.0, 0.0, 0.0, 0.0, 0.0, 0.0, 0.0, 0.0, 0.0, 0.0, 0.0, 0.0], "episode_types": ["t", "t", "t", "t", "t", "t", "t", "t", "t", "t", "t", "t", "t"]}