{"initial_reset_timestamp": 1603304165.7921119, "timestamps": [1603304176.153136, 1603304188.950774, 1603304192.0898726, 1603304196.1907248, 1603304207.233958, 1603304214.1362472, 1603304217.0882046, 1603304230.0214288, 1603304239.5405838, 1603304243.3684683, 1603304249.4981182], "episode_lengths": [472, 592, 233, 353, 1000, 625, 267, 1000, 690, 295, 515], "episode_rewards": [0.0, 0.0, 0.0, 0.0, 0.0, 0.0, 0.0, 0.0, 0.0, 0.0, 0.0], "episode_types": ["t", "t", "t", "t", "t", "t", "t", "t", "t", "t", "t", "t"]}