{"initial_reset_timestamp": 1603304165.7921515, "timestamps": [1603304179.366162, 1603304192.9111228, 1603304198.4364977, 1603304201.4289181, 1603304206.6014574, 1603304211.6915965, 1603304218.6606393, 1603304224.670829, 1603304233.4938333, 1603304242.1550105, 1603304248.0291486], "episode_lengths": [591, 777, 478, 274, 465, 472, 629, 469, 636, 649, 477], "episode_rewards": [0.0, 0.0, 0.0, 0.0, 0.0, 0.0, 0.0, 0.0, 0.0, 0.0, 0.0], "episode_types": ["t", "t", "t", "t", "t", "t", "t", "t", "t", "t", "t", "t"]}