{"initial_reset_timestamp": 1606319950.7517712, "timestamps": [1606319963.247797, 1606319974.030355, 1606319976.260643, 1606319982.9790945, 1606319984.2287107, 1606319984.5449939, 1606319986.9880602, 1606319987.424439, 1606319990.1914363, 1606319992.0016885, 1606319993.86332, 1606319995.182926, 1606319996.0317256, 1606319996.15561, 1606319996.572063, 1606319997.2893116, 1606319997.3685048, 1606319997.5895894, 1606319997.8584251, 1606319999.1599593, 1606319999.9621136, 1606320000.9945633, 1606320001.9868891, 1606320002.1545694, 1606320003.841633, 1606320005.5009608, 1606320006.052113, 1606320010.2913997, 1606320011.896708, 1606320012.468854, 1606320013.787454, 1606320014.2024689, 1606320015.1420841, 1606320015.5363832, 1606320016.7560506, 1606320016.9681358, 1606320017.3267748, 1606320018.163474, 1606320018.7824259, 1606320018.920389, 1606320020.9903622, 1606320021.7026086, 1606320021.8478246, 1606320022.2815413, 1606320022.515285, 1606320022.7035613, 1606320023.7646637, 1606320024.706403, 1606320025.9286149, 1606320026.2501338, 1606320027.0468538, 1606320027.6063566, 1606320029.0215683, 1606320029.3424044, 1606320031.4433613, 1606320032.7314138, 1606320033.1159298, 1606320034.3714352, 1606320035.2928517, 1606320035.6132326, 1606320035.8769639, 1606320036.2426114, 1606320036.6143126, 1606320037.1987884], "episode_lengths": [40, 96, 26, 184, 108, 47, 130, 30, 136, 55, 119, 42, 102, 24, 39, 113, 15, 42, 50, 197, 122, 155, 143, 32, 191, 183, 48, 279, 117, 71, 123, 35, 110, 55, 192, 14, 68, 136, 93, 25, 324, 113, 28, 84, 18, 38, 176, 154, 184, 62, 130, 83, 190, 26, 225, 143, 61, 143, 58, 53, 43, 45, 58, 63], "episode_rewards": [0.0, 0.0, 0.0, 0.0, 0.0, 0.0, 0.0, 0.0, 0.0, 0.0, 0.0, 0.0, 0.0, 0.0, 0.0, 0.0, 0.0, 0.0, 0.0, 0.0, 0.0, 0.0, 0.0, 0.0, 0.0, 0.0, 0.0, 0.0, 0.0, 0.0, 0.0, 0.0, 0.0, 0.0, 0.0, 0.0, 0.0, 0.0, 0.0, 0.0, 0.0, 0.0, 0.0, 0.0, 0.0, 0.0, 0.0, 0.0, 0.0, 0.0, 0.0, 0.0, 0.0, 0.0, 0.0, 0.0, 0.0, 0.0, 0.0, 0.0, 0.0, 0.0, 0.0, 0.0], "episode_types": ["t", "t", "t", "t", "t", "t", "t", "t", "t", "t", "t", "t", "t", "t", "t", "t", "t", "t", "t", "t", "t", "t", "t", "t", "t", "t", "t", "t", "t", "t", "t", "t", "t", "t", "t", "t", "t", "t", "t", "t", "t", "t", "t", "t", "t", "t", "t", "t", "t", "t", "t", "t", "t", "t", "t", "t", "t", "t", "t", "t", "t", "t", "t", "t", "t"]}