{"initial_reset_timestamp": 1606319950.7479856, "timestamps": [1606319962.463164, 1606319972.1981616, 1606319979.7821045, 1606319981.616379, 1606319984.386107, 1606319984.9251318, 1606319988.8223324, 1606319992.6593313, 1606319993.5262368, 1606319996.183432, 1606319997.3880785, 1606319997.723301, 1606319997.8251245, 1606319998.204198, 1606319999.3547897, 1606319999.856949, 1606320000.2766488, 1606320001.1615644, 1606320001.5859325, 1606320001.9411228, 1606320004.5942996, 1606320005.219069, 1606320005.8656657, 1606320008.4211268, 1606320009.8095691, 1606320010.019309, 1606320010.4892411, 1606320011.1014392, 1606320011.8648698, 1606320012.440382, 1606320013.6685045, 1606320015.333861, 1606320017.1004834, 1606320017.4561424, 1606320017.8928857, 1606320018.9524305, 1606320019.5638728, 1606320019.7767358, 1606320020.3806434, 1606320020.707297, 1606320021.1047962, 1606320021.7721677, 1606320022.7233012, 1606320024.6947458, 1606320026.768834, 1606320027.3146636, 1606320027.69803, 1606320028.0745265, 1606320028.3582873, 1606320030.2518635, 1606320030.9206557, 1606320031.149389, 1606320031.5178478, 1606320031.8397233, 1606320032.5161045, 1606320034.2195225, 1606320034.499831, 1606320035.6311748, 1606320035.875938, 1606320036.773745], "episode_lengths": [34, 73, 136, 43, 188, 63, 200, 138, 68, 201, 166, 64, 18, 47, 192, 66, 79, 124, 48, 58, 324, 63, 58, 173, 73, 26, 52, 42, 43, 72, 109, 189, 261, 67, 59, 176, 93, 42, 91, 63, 52, 103, 159, 324, 324, 79, 66, 56, 27, 207, 71, 31, 49, 29, 93, 193, 45, 93, 40, 134], "episode_rewards": [0.0, 0.0, 0.0, 0.0, 0.0, 0.0, 0.0, 0.0, 0.0, 0.0, 0.0, 0.0, 0.0, 0.0, 0.0, 0.0, 0.0, 0.0, 0.0, 0.0, 0.0, 0.0, 0.0, 0.0, 0.0, 0.0, 0.0, 0.0, 0.0, 0.0, 0.0, 0.0, 0.0, 0.0, 0.0, 0.0, 0.0, 0.0, 0.0, 0.825, 0.0, 0.0, 0.0, 0.0, 0.0, 0.0, 0.0, 0.0, 0.0, 0.0, 0.0, 0.0, 0.0, 0.0, 0.0, 0.0, 0.0, 0.0, 0.0, 0.0], "episode_types": ["t", "t", "t", "t", "t", "t", "t", "t", "t", "t", "t", "t", "t", "t", "t", "t", "t", "t", "t", "t", "t", "t", "t", "t", "t", "t", "t", "t", "t", "t", "t", "t", "t", "t", "t", "t", "t", "t", "t", "t", "t", "t", "t", "t", "t", "t", "t", "t", "t", "t", "t", "t", "t", "t", "t", "t", "t", "t", "t", "t", "t"]}