{"initial_reset_timestamp": 1606319950.7637641, "timestamps": [1606319957.1590626, 1606319978.0905573, 1606319984.8711896, 1606319985.813889, 1606319992.0686467, 1606319993.1901505, 1606319993.4866998, 1606319995.5386038, 1606319995.721371, 1606319995.8832202, 1606319996.1291778, 1606319996.4805787, 1606319996.950654, 1606319997.3878183, 1606319998.0709667, 1606319998.5918574, 1606319999.7728243, 1606320000.3261359, 1606320000.6594894, 1606320000.976074, 1606320001.8628907, 1606320004.5065384, 1606320006.4765394, 1606320008.799926, 1606320009.879155, 1606320010.397367, 1606320010.824762, 1606320011.8207216, 1606320013.2286441, 1606320015.2486172, 1606320015.52979, 1606320016.3801055, 1606320017.222962, 1606320017.5559678, 1606320018.6361892, 1606320019.164477, 1606320019.409165, 1606320020.5991867, 1606320022.6690104, 1606320022.7894375, 1606320023.099828, 1606320023.712789, 1606320024.348616, 1606320026.0465016, 1606320026.829519, 1606320027.064953, 1606320027.1127238, 1606320029.4968593, 1606320030.0440047, 1606320030.8014033, 1606320031.030559, 1606320031.2054749, 1606320031.526296, 1606320032.2367408, 1606320033.8102398, 1606320034.3147264, 1606320034.9864805, 1606320035.931855, 1606320036.356895, 1606320037.3515453, 1606320038.1916926], "episode_lengths": [9, 195, 324, 38, 296, 52, 24, 101, 20, 28, 47, 28, 90, 58, 102, 101, 168, 104, 37, 47, 122, 324, 191, 147, 51, 57, 43, 52, 141, 223, 38, 120, 136, 63, 156, 101, 21, 206, 324, 23, 60, 91, 95, 275, 127, 45, 9, 309, 20, 93, 33, 24, 42, 89, 171, 69, 38, 136, 57, 113, 94], "episode_rewards": [0.0, 0.0, 0.0, 0.0, 0.0, 0.0, 0.0, 0.0, 0.0, 0.0, 0.0, 0.0, 0.0, 0.0, 0.0, 0.0, 0.0, 0.0, 0.0, 0.0, 0.0, 0.0, 0.0, 0.0, 0.0, 0.0, 0.0, 0.0, 0.0, 0.0, 0.0, 0.0, 0.0, 0.0, 0.0, 0.0, 0.0, 0.0, 0.0, 0.0, 0.0, 0.0, 0.0, 0.0, 0.0, 0.0, 0.0, 0.0, 0.0, 0.0, 0.0, 0.0, 0.0, 0.0, 0.0, 0.0, 0.0, 0.0, 0.0, 0.0, 0.0], "episode_types": ["t", "t", "t", "t", "t", "t", "t", "t", "t", "t", "t", "t", "t", "t", "t", "t", "t", "t", "t", "t", "t", "t", "t", "t", "t", "t", "t", "t", "t", "t", "t", "t", "t", "t", "t", "t", "t", "t", "t", "t", "t", "t", "t", "t", "t", "t", "t", "t", "t", "t", "t", "t", "t", "t", "t", "t", "t", "t", "t", "t", "t", "t"]}