{"initial_reset_timestamp": 1606319950.755763, "timestamps": [1606319967.536115, 1606319979.2101762, 1606319981.616503, 1606319982.459095, 1606319984.805949, 1606319985.029735, 1606319988.2355797, 1606319988.832673, 1606319989.9055772, 1606319994.990787, 1606319995.600527, 1606319997.4749062, 1606319998.9989226, 1606319999.085161, 1606319999.1422324, 1606319999.7602518, 1606320001.0191011, 1606320002.3667943, 1606320003.886912, 1606320005.7518227, 1606320007.847293, 1606320008.4304779, 1606320010.2188668, 1606320010.6411796, 1606320012.8243918, 1606320013.3470676, 1606320014.0927181, 1606320015.6872191, 1606320017.2725368, 1606320017.7896824, 1606320017.886456, 1606320018.057614, 1606320018.1884568, 1606320018.8519762, 1606320018.988053, 1606320019.6996765, 1606320019.940636, 1606320020.3605065, 1606320021.4528284, 1606320022.1256213, 1606320022.855572, 1606320023.3749878, 1606320024.4449713, 1606320026.0303416, 1606320026.1981316, 1606320026.851517, 1606320027.0819705, 1606320028.9945123, 1606320030.1923292, 1606320031.1178071, 1606320031.3283625, 1606320031.743163, 1606320032.877399, 1606320033.2104654, 1606320036.1682742, 1606320036.236224, 1606320036.454131, 1606320036.6353283, 1606320037.1685705, 1606320037.830367, 1606320038.0691292], "episode_lengths": [68, 160, 58, 46, 189, 25, 151, 41, 35, 223, 45, 286, 237, 17, 11, 87, 197, 185, 183, 192, 145, 44, 113, 44, 178, 52, 73, 195, 243, 73, 20, 33, 25, 101, 25, 113, 47, 55, 187, 104, 115, 73, 179, 253, 32, 102, 44, 263, 100, 110, 29, 37, 146, 52, 312, 14, 32, 31, 54, 76, 25], "episode_rewards": [0.0, 0.0, 0.0, 0.0, 0.0, 0.0, 0.0, 0.0, 0.0, 0.0, 0.0, 0.0, 0.0, 0.0, 0.0, 0.0, 0.0, 0.0, 0.0, 0.0, 0.0, 0.0, 0.0, 0.0, 0.0, 0.0, 0.0, 0.0, 0.0, 0.0, 0.0, 0.0, 0.0, 0.0, 0.0, 0.0, 0.0, 0.0, 0.0, 0.0, 0.0, 0.0, 0.0, 0.0, 0.0, 0.0, 0.0, 0.0, 0.0, 0.0, 0.0, 0.0, 0.0, 0.0, 0.0, 0.0, 0.0, 0.0, 0.0, 0.0, 0.0], "episode_types": ["t", "t", "t", "t", "t", "t", "t", "t", "t", "t", "t", "t", "t", "t", "t", "t", "t", "t", "t", "t", "t", "t", "t", "t", "t", "t", "t", "t", "t", "t", "t", "t", "t", "t", "t", "t", "t", "t", "t", "t", "t", "t", "t", "t", "t", "t", "t", "t", "t", "t", "t", "t", "t", "t", "t", "t", "t", "t", "t", "t", "t", "t"]}