{"initial_reset_timestamp": 1606319950.7478313, "timestamps": [1606319964.263644, 1606319973.515824, 1606319982.2056708, 1606319984.5250785, 1606319984.9303463, 1606319986.2405405, 1606319988.12921, 1606319988.7125735, 1606319989.225697, 1606319990.7789385, 1606319996.1447487, 1606319996.6475542, 1606319997.2636266, 1606319997.3405051, 1606319998.0440328, 1606319998.497883, 1606319998.919575, 1606320000.9091644, 1606320002.3549504, 1606320002.5600631, 1606320002.968642, 1606320003.9000523, 1606320004.1486518, 1606320005.0218046, 1606320009.1391096, 1606320011.565439, 1606320012.178026, 1606320013.4187639, 1606320015.4350069, 1606320016.243519, 1606320017.7454448, 1606320018.2453618, 1606320018.6700485, 1606320018.893287, 1606320020.4889543, 1606320021.0042982, 1606320021.2108374, 1606320021.4411259, 1606320022.1528578, 1606320022.6606863, 1606320023.145782, 1606320023.7288618, 1606320024.409698, 1606320025.0232182, 1606320025.9155617, 1606320026.2597158, 1606320026.7194417, 1606320027.3514028, 1606320027.407501, 1606320028.4272034, 1606320028.7530875, 1606320029.4610624, 1606320032.426166, 1606320033.1830106, 1606320033.510487, 1606320035.5624099, 1606320036.3618982, 1606320036.741741, 1606320037.5889108], "episode_lengths": [42, 91, 175, 190, 40, 71, 75, 47, 31, 51, 324, 56, 93, 15, 107, 88, 52, 310, 201, 41, 55, 91, 34, 86, 319, 134, 82, 118, 226, 106, 236, 98, 55, 43, 257, 74, 41, 45, 111, 73, 93, 85, 104, 91, 147, 66, 65, 95, 12, 144, 45, 83, 324, 99, 38, 197, 120, 59, 79], "episode_rewards": [0.0, 0.0, 0.0, 0.0, 0.0, 0.0, 0.0, 0.0, 0.0, 0.0, 0.0, 0.0, 0.0, 0.0, 0.0, 0.0, 0.0, 0.0, 0.0, 0.0, 0.0, 0.0, 0.0, 0.0, 0.0, 0.0, 0.0, 0.0, 0.0, 0.0, 0.0, 0.0, 0.0, 0.0, 0.0, 0.0, 0.0, 0.0, 0.0, 0.0, 0.0, 0.0, 0.0, 0.0, 0.5916666666666666, 0.0, 0.0, 0.0, 0.0, 0.0, 0.0, 0.0, 0.0, 0.0, 0.0, 0.0, 0.0, 0.0, 0.0], "episode_types": ["t", "t", "t", "t", "t", "t", "t", "t", "t", "t", "t", "t", "t", "t", "t", "t", "t", "t", "t", "t", "t", "t", "t", "t", "t", "t", "t", "t", "t", "t", "t", "t", "t", "t", "t", "t", "t", "t", "t", "t", "t", "t", "t", "t", "t", "t", "t", "t", "t", "t", "t", "t", "t", "t", "t", "t", "t", "t", "t", "t"]}