{"initial_reset_timestamp": 1606319950.747968, "timestamps": [1606319968.612111, 1606319975.2932396, 1606319979.0741603, 1606319981.0804062, 1606319982.423887, 1606319985.1001127, 1606319985.9374688, 1606319987.046985, 1606319990.9984567, 1606319994.368956, 1606319995.801365, 1606319996.0042496, 1606319997.2526772, 1606319998.2492378, 1606319998.5191295, 1606319999.191112, 1606319999.7388833, 1606320000.713167, 1606320002.0561512, 1606320004.877863, 1606320005.5390859, 1606320006.1084993, 1606320006.6157863, 1606320008.7097855, 1606320010.2101445, 1606320012.1589787, 1606320012.4883187, 1606320015.2553911, 1606320016.2505412, 1606320017.1514285, 1606320017.2106757, 1606320017.3104174, 1606320018.5336838, 1606320019.3611963, 1606320019.7607143, 1606320020.1519718, 1606320021.1643121, 1606320022.1313012, 1606320022.3189776, 1606320023.431882, 1606320024.2162294, 1606320024.6669018, 1606320025.1313257, 1606320025.2352757, 1606320027.0879092, 1606320027.7501013, 1606320028.4756393, 1606320028.7878613, 1606320029.399174, 1606320030.27339, 1606320031.0444028, 1606320031.846935, 1606320033.0894952, 1606320036.1326985, 1606320036.7892053, 1606320038.1763282], "episode_lengths": [73, 84, 59, 56, 55, 222, 30, 60, 196, 144, 92, 39, 174, 164, 52, 101, 74, 157, 196, 322, 76, 44, 47, 127, 93, 161, 41, 282, 131, 149, 11, 18, 183, 133, 79, 49, 172, 161, 36, 162, 123, 87, 63, 20, 307, 92, 98, 41, 69, 78, 84, 93, 162, 324, 114, 136], "episode_rewards": [0.0, 0.0, 0.0, 0.0, 0.0, 0.0, 0.0, 0.0, 0.0, 0.0, 0.0, 0.0, 0.0, 0.0, 0.0, 0.0, 0.0, 0.0, 0.0, 0.0, 0.0, 0.0, 0.0, 0.0, 0.0, 0.0, 0.0, 0.0, 0.0, 0.5861111111111111, 0.0, 0.0, 0.0, 0.0, 0.0, 0.0, 0.0, 0.0, 0.0, 0.0, 0.0, 0.0, 0.0, 0.0, 0.0, 0.0, 0.0, 0.0, 0.0, 0.0, 0.0, 0.0, 0.0, 0.0, 0.0, 0.0], "episode_types": ["t", "t", "t", "t", "t", "t", "t", "t", "t", "t", "t", "t", "t", "t", "t", "t", "t", "t", "t", "t", "t", "t", "t", "t", "t", "t", "t", "t", "t", "t", "t", "t", "t", "t", "t", "t", "t", "t", "t", "t", "t", "t", "t", "t", "t", "t", "t", "t", "t", "t", "t", "t", "t", "t", "t", "t", "t"]}