{"initial_reset_timestamp": 1606319950.7597623, "timestamps": [1606319975.7355838, 1606319981.6331797, 1606319983.0579338, 1606319983.3941169, 1606319987.0324743, 1606319987.3532019, 1606319990.1285474, 1606319994.9217532, 1606319995.2453995, 1606319996.2659452, 1606319997.064268, 1606319997.5379777, 1606319997.7784889, 1606319998.5590305, 1606319999.3960836, 1606319999.9247322, 1606320000.2387042, 1606320000.681411, 1606320000.740309, 1606320001.8629909, 1606320001.9308283, 1606320002.6104553, 1606320003.3501186, 1606320004.0884154, 1606320004.5948482, 1606320004.8159604, 1606320006.1767645, 1606320006.4347079, 1606320009.3378642, 1606320009.9095716, 1606320010.6645627, 1606320011.7201004, 1606320013.008255, 1606320013.1198032, 1606320014.6391888, 1606320015.6015158, 1606320015.7300436, 1606320016.3093665, 1606320017.5615802, 1606320018.3143852, 1606320019.3820088, 1606320019.629854, 1606320019.9420238, 1606320020.2532341, 1606320020.9833941, 1606320021.910308, 1606320022.8721943, 1606320022.9720402, 1606320023.6898327, 1606320024.3483448, 1606320025.1585722, 1606320025.2985003, 1606320025.8751035, 1606320026.8512304, 1606320027.3220115, 1606320027.7508707, 1606320028.453718, 1606320028.528925, 1606320029.5247884, 1606320030.7067947, 1606320030.8938696, 1606320031.3924274, 1606320031.8232079, 1606320032.2568505, 1606320033.9371018, 1606320034.2273662, 1606320034.4931579, 1606320035.6384933, 1606320035.7301915, 1606320036.5868425], "episode_lengths": [158, 130, 70, 30, 249, 15, 137, 206, 27, 128, 124, 64, 46, 123, 131, 72, 59, 57, 11, 154, 13, 105, 70, 91, 60, 18, 130, 25, 189, 16, 77, 57, 130, 14, 166, 116, 15, 81, 214, 120, 152, 49, 61, 34, 116, 154, 160, 19, 112, 99, 129, 27, 86, 164, 64, 73, 94, 14, 118, 94, 29, 69, 41, 67, 187, 36, 43, 95, 11, 126], "episode_rewards": [0.0, 0.0, 0.0, 0.0, 0.0, 0.0, 0.0, 0.0, 0.0, 0.0, 0.0, 0.0, 0.0, 0.0, 0.0, 0.0, 0.0, 0.0, 0.0, 0.0, 0.0, 0.0, 0.0, 0.0, 0.0, 0.0, 0.0, 0.0, 0.0, 0.0, 0.0, 0.0, 0.0, 0.0, 0.0, 0.0, 0.0, 0.0, 0.0, 0.0, 0.0, 0.0, 0.0, 0.0, 0.0, 0.0, 0.0, 0.0, 0.0, 0.0, 0.0, 0.0, 0.0, 0.0, 0.0, 0.0, 0.0, 0.0, 0.0, 0.0, 0.0, 0.0, 0.0, 0.0, 0.0, 0.0, 0.0, 0.0, 0.0, 0.0], "episode_types": ["t", "t", "t", "t", "t", "t", "t", "t", "t", "t", "t", "t", "t", "t", "t", "t", "t", "t", "t", "t", "t", "t", "t", "t", "t", "t", "t", "t", "t", "t", "t", "t", "t", "t", "t", "t", "t", "t", "t", "t", "t", "t", "t", "t", "t", "t", "t", "t", "t", "t", "t", "t", "t", "t", "t", "t", "t", "t", "t", "t", "t", "t", "t", "t", "t", "t", "t", "t", "t", "t", "t"]}