{"initial_reset_timestamp": 1606319950.73253, "timestamps": [1606319973.0172029, 1606319982.525132, 1606319984.5970168, 1606319986.2482162, 1606319988.055438, 1606319988.6588624, 1606319990.988855, 1606319993.3427553, 1606319994.3757129, 1606319995.8124301, 1606319995.9780655, 1606319996.7301753, 1606319996.9765503, 1606319997.5366335, 1606319997.6800551, 1606319998.1415546, 1606319999.866614, 1606320000.9210079, 1606320002.5437527, 1606320002.7225347, 1606320003.8777359, 1606320004.0340738, 1606320004.2931778, 1606320005.5292084, 1606320007.4585862, 1606320007.9625983, 1606320008.8361752, 1606320010.0819757, 1606320010.8793857, 1606320013.182503, 1606320013.494583, 1606320014.2207665, 1606320015.500182, 1606320016.5718749, 1606320017.0685315, 1606320017.37713, 1606320017.9379065, 1606320018.161855, 1606320019.4684162, 1606320019.5627453, 1606320020.4988174, 1606320020.6037464, 1606320021.4690557, 1606320021.5470192, 1606320021.9305487, 1606320022.500624, 1606320023.152343, 1606320024.3416235, 1606320025.0529146, 1606320025.2068563, 1606320025.77126, 1606320027.5942967, 1606320028.6767561, 1606320028.884622, 1606320031.9436367, 1606320032.2219555, 1606320033.0837727, 1606320033.9718242, 1606320035.6704574, 1606320037.7187588], "episode_lengths": [125, 217, 168, 100, 71, 47, 106, 92, 54, 93, 32, 104, 48, 81, 28, 60, 273, 161, 237, 34, 112, 19, 41, 122, 134, 30, 69, 71, 76, 186, 31, 75, 157, 161, 70, 58, 83, 43, 198, 19, 156, 20, 143, 15, 48, 84, 126, 175, 110, 30, 82, 304, 141, 31, 324, 43, 103, 92, 176, 256], "episode_rewards": [0.6527777777777778, 0.0, 0.0, 0.0, 0.0, 0.0, 0.0, 0.0, 0.0, 0.0, 0.0, 0.0, 0.0, 0.0, 0.0, 0.0, 0.0, 0.0, 0.0, 0.0, 0.0, 0.0, 0.0, 0.0, 0.0, 0.0, 0.0, 0.0, 0.0, 0.0, 0.0, 0.0, 0.0, 0.0, 0.0, 0.0, 0.0, 0.0, 0.44999999999999996, 0.0, 0.0, 0.0, 0.0, 0.0, 0.0, 0.0, 0.0, 0.0, 0.0, 0.0, 0.0, 0.0, 0.0, 0.0, 0.0, 0.0, 0.0, 0.0, 0.0, 0.0], "episode_types": ["t", "t", "t", "t", "t", "t", "t", "t", "t", "t", "t", "t", "t", "t", "t", "t", "t", "t", "t", "t", "t", "t", "t", "t", "t", "t", "t", "t", "t", "t", "t", "t", "t", "t", "t", "t", "t", "t", "t", "t", "t", "t", "t", "t", "t", "t", "t", "t", "t", "t", "t", "t", "t", "t", "t", "t", "t", "t", "t", "t", "t"]}