{"initial_reset_timestamp": 1606319950.755764, "timestamps": [1606319963.7559738, 1606319972.969434, 1606319978.5645132, 1606319980.5773456, 1606319982.4853249, 1606319984.088964, 1606319984.7794313, 1606319985.9853222, 1606319990.1006956, 1606319990.967231, 1606319995.1385248, 1606319995.4241312, 1606319995.6594028, 1606319995.7907255, 1606319997.6243615, 1606319998.3264775, 1606319998.5409393, 1606319999.4742258, 1606320000.149968, 1606320000.5901058, 1606320001.6950977, 1606320002.361027, 1606320003.4883614, 1606320004.189498, 1606320004.9608674, 1606320005.744629, 1606320008.614769, 1606320009.8322427, 1606320010.4757211, 1606320014.0151808, 1606320016.175143, 1606320016.3157566, 1606320016.441386, 1606320016.7779605, 1606320017.423831, 1606320018.6604447, 1606320020.2285564, 1606320020.7542868, 1606320021.7823875, 1606320022.1370895, 1606320022.7827256, 1606320023.7639623, 1606320024.3853073, 1606320024.6563582, 1606320025.229483, 1606320025.4174588, 1606320026.6957946, 1606320027.0476303, 1606320027.4928458, 1606320027.5592964, 1606320028.2862668, 1606320028.6832943, 1606320028.905735, 1606320030.686831, 1606320030.9686189, 1606320032.440641, 1606320032.5520525, 1606320033.024126, 1606320035.7759202, 1606320036.8783312, 1606320037.574064, 1606320037.6719325], "episode_lengths": [41, 82, 85, 55, 73, 92, 89, 66, 205, 43, 176, 18, 25, 19, 286, 108, 41, 148, 100, 57, 158, 93, 139, 87, 74, 75, 206, 59, 73, 300, 264, 28, 25, 65, 97, 186, 251, 102, 148, 69, 99, 161, 93, 52, 84, 36, 197, 68, 61, 13, 86, 63, 33, 160, 43, 183, 18, 54, 292, 163, 61, 13], "episode_rewards": [0.0, 0.0, 0.0, 0.0, 0.0, 0.0, 0.0, 0.0, 0.0, 0.0, 0.0, 0.0, 0.0, 0.0, 0.0, 0.0, 0.0, 0.0, 0.0, 0.0, 0.0, 0.0, 0.0, 0.0, 0.0, 0.0, 0.0, 0.0, 0.0, 0.0, 0.0, 0.0, 0.0, 0.0, 0.0, 0.0, 0.0, 0.0, 0.0, 0.0, 0.0, 0.0, 0.0, 0.0, 0.0, 0.0, 0.4527777777777777, 0.0, 0.0, 0.0, 0.0, 0.0, 0.0, 0.0, 0.0, 0.0, 0.0, 0.0, 0.0, 0.0, 0.0, 0.0], "episode_types": ["t", "t", "t", "t", "t", "t", "t", "t", "t", "t", "t", "t", "t", "t", "t", "t", "t", "t", "t", "t", "t", "t", "t", "t", "t", "t", "t", "t", "t", "t", "t", "t", "t", "t", "t", "t", "t", "t", "t", "t", "t", "t", "t", "t", "t", "t", "t", "t", "t", "t", "t", "t", "t", "t", "t", "t", "t", "t", "t", "t", "t", "t", "t"]}