{"initial_reset_timestamp": 1606319950.7325757, "timestamps": [1606319965.4828649, 1606319974.559559, 1606319976.7684176, 1606319977.8862917, 1606319981.146373, 1606319982.4291978, 1606319984.4620774, 1606319985.027943, 1606319989.1555295, 1606319993.3177128, 1606319993.845218, 1606319996.111707, 1606319996.5134337, 1606319997.0624394, 1606319997.5735614, 1606319997.7170482, 1606319998.2990866, 1606319998.9351068, 1606320000.541241, 1606320000.8216128, 1606320003.124503, 1606320003.6975853, 1606320004.4754913, 1606320004.5755713, 1606320006.7524636, 1606320007.8124022, 1606320008.0723612, 1606320008.6782386, 1606320010.232566, 1606320010.6778061, 1606320010.9131227, 1606320011.8035262, 1606320014.0658352, 1606320014.437059, 1606320015.5780597, 1606320016.233265, 1606320017.176304, 1606320017.4658744, 1606320018.0006638, 1606320019.6129103, 1606320020.417167, 1606320022.3552608, 1606320023.4253426, 1606320024.2500167, 1606320025.5296006, 1606320026.9729412, 1606320027.9842827, 1606320028.2334137, 1606320030.022395, 1606320030.8929915, 1606320031.7925885, 1606320033.171076, 1606320034.274757, 1606320035.682324, 1606320036.2770593, 1606320036.6451228], "episode_lengths": [47, 91, 31, 20, 92, 47, 159, 59, 211, 166, 46, 162, 35, 108, 71, 28, 85, 93, 249, 43, 324, 58, 85, 17, 206, 44, 22, 44, 97, 47, 23, 44, 227, 49, 135, 84, 157, 54, 78, 258, 130, 324, 154, 131, 220, 229, 150, 14, 187, 111, 105, 184, 119, 137, 84, 57], "episode_rewards": [0.0, 0.0, 0.0, 0.0, 0.0, 0.0, 0.0, 0.0, 0.0, 0.0, 0.0, 0.0, 0.0, 0.0, 0.0, 0.0, 0.0, 0.0, 0.0, 0.0, 0.0, 0.0, 0.0, 0.0, 0.0, 0.0, 0.0, 0.0, 0.0, 0.0, 0.0, 0.0, 0.0, 0.0, 0.0, 0.0, 0.0, 0.0, 0.0, 0.0, 0.0, 0.0, 0.0, 0.0, 0.0, 0.0, 0.0, 0.0, 0.0, 0.0, 0.0, 0.0, 0.0, 0.0, 0.0, 0.0], "episode_types": ["t", "t", "t", "t", "t", "t", "t", "t", "t", "t", "t", "t", "t", "t", "t", "t", "t", "t", "t", "t", "t", "t", "t", "t", "t", "t", "t", "t", "t", "t", "t", "t", "t", "t", "t", "t", "t", "t", "t", "t", "t", "t", "t", "t", "t", "t", "t", "t", "t", "t", "t", "t", "t", "t", "t", "t", "t"]}