{"initial_reset_timestamp": 1606319950.771757, "timestamps": [1606319958.0073688, 1606319973.9941864, 1606319976.884626, 1606319982.0961695, 1606319982.3313837, 1606319983.1978962, 1606319984.545185, 1606319988.0741959, 1606319989.6861455, 1606319989.9879348, 1606319992.7619722, 1606319993.848386, 1606319995.0077257, 1606319996.9618554, 1606319997.259119, 1606319997.8246784, 1606319998.395565, 1606320000.5429883, 1606320001.0127668, 1606320001.7983286, 1606320002.107017, 1606320002.6463394, 1606320003.0719504, 1606320004.0816228, 1606320004.5594993, 1606320005.1875103, 1606320006.5265574, 1606320008.0449753, 1606320008.274336, 1606320009.9242167, 1606320010.0369394, 1606320010.4109623, 1606320011.7978232, 1606320011.9548874, 1606320012.4200635, 1606320013.0392973, 1606320013.794912, 1606320014.339949, 1606320014.9210806, 1606320016.5375557, 1606320017.9611092, 1606320018.101319, 1606320018.846493, 1606320018.9138072, 1606320019.4865515, 1606320019.8438556, 1606320020.1520293, 1606320021.025196, 1606320021.0702715, 1606320021.8773706, 1606320022.1846857, 1606320022.893331, 1606320023.742398, 1606320023.8119829, 1606320023.8762035, 1606320024.2807393, 1606320024.496753, 1606320025.0741522, 1606320025.7515173, 1606320026.014639, 1606320026.347773, 1606320026.6722846, 1606320027.071499, 1606320028.5992303, 1606320029.5247896, 1606320030.7069101, 1606320033.2113895, 1606320033.425942, 1606320033.8177817, 1606320035.2796504, 1606320035.7882104, 1606320036.727198, 1606320037.0527112, 1606320037.750114], "episode_lengths": [12, 123, 42, 116, 31, 55, 122, 182, 82, 15, 102, 87, 29, 256, 31, 107, 84, 324, 75, 109, 54, 78, 46, 107, 55, 65, 123, 86, 11, 101, 15, 38, 90, 21, 55, 47, 84, 55, 77, 216, 222, 27, 117, 12, 84, 71, 33, 144, 9, 131, 59, 111, 136, 13, 12, 52, 42, 84, 104, 52, 64, 38, 77, 216, 105, 94, 324, 23, 28, 133, 81, 142, 25, 76], "episode_rewards": [0.0, 0.0, 0.0, 0.0, 0.0, 0.0, 0.0, 0.0, 0.0, 0.0, 0.0, 0.0, 0.0, 0.0, 0.0, 0.0, 0.0, 0.0, 0.0, 0.0, 0.0, 0.0, 0.0, 0.0, 0.0, 0.0, 0.0, 0.0, 0.0, 0.0, 0.0, 0.0, 0.0, 0.0, 0.0, 0.0, 0.0, 0.0, 0.0, 0.0, 0.0, 0.0, 0.0, 0.0, 0.0, 0.0, 0.0, 0.0, 0.0, 0.0, 0.0, 0.0, 0.0, 0.0, 0.0, 0.0, 0.0, 0.0, 0.0, 0.0, 0.0, 0.0, 0.0, 0.0, 0.0, 0.0, 0.0, 0.0, 0.0, 0.0, 0.0, 0.0, 0.0, 0.0], "episode_types": ["t", "t", "t", "t", "t", "t", "t", "t", "t", "t", "t", "t", "t", "t", "t", "t", "t", "t", "t", "t", "t", "t", "t", "t", "t", "t", "t", "t", "t", "t", "t", "t", "t", "t", "t", "t", "t", "t", "t", "t", "t", "t", "t", "t", "t", "t", "t", "t", "t", "t", "t", "t", "t", "t", "t", "t", "t", "t", "t", "t", "t", "t", "t", "t", "t", "t", "t", "t", "t", "t", "t", "t", "t", "t", "t"]}