{"initial_reset_timestamp": 1606319950.7479975, "timestamps": [1606319959.923066, 1606319970.4929404, 1606319982.198867, 1606319983.3737917, 1606319984.3655827, 1606319987.0177174, 1606319988.4399626, 1606319989.2267704, 1606319990.6805425, 1606319993.0421126, 1606319995.9277534, 1606319996.0479019, 1606319997.50354, 1606319998.0910664, 1606319998.478615, 1606319999.1424274, 1606319999.766027, 1606319999.9945328, 1606320001.2119904, 1606320003.125947, 1606320003.560693, 1606320004.2950456, 1606320005.301395, 1606320005.879935, 1606320006.6667418, 1606320007.4356213, 1606320007.8821945, 1606320009.337781, 1606320010.2767606, 1606320011.647807, 1606320011.714765, 1606320012.057088, 1606320013.0383952, 1606320014.175984, 1606320014.8264997, 1606320016.1422484, 1606320016.396183, 1606320016.5906487, 1606320016.691235, 1606320017.0294585, 1606320017.2447124, 1606320017.5333056, 1606320018.3715308, 1606320019.479373, 1606320019.792915, 1606320020.4476945, 1606320020.654387, 1606320020.774955, 1606320021.8532877, 1606320021.9158945, 1606320022.0931592, 1606320022.2317579, 1606320022.3034759, 1606320023.1465712, 1606320023.3749955, 1606320023.7356248, 1606320023.9088929, 1606320024.5222876, 1606320024.747528, 1606320025.277454, 1606320025.8904629, 1606320026.6364822, 1606320026.8721652, 1606320027.6361504, 1606320028.0430062, 1606320028.496629, 1606320028.7196085, 1606320029.4627662, 1606320030.731635, 1606320031.8344526, 1606320032.0626438, 1606320032.3412654, 1606320032.8607378, 1606320033.1904418, 1606320034.3459294, 1606320035.273196, 1606320035.4354076, 1606320035.6516337, 1606320035.8655736, 1606320036.236224, 1606320036.8725235, 1606320037.0644433, 1606320037.5058012, 1606320037.8317704, 1606320038.1160486], "episode_lengths": [20, 75, 212, 78, 86, 164, 79, 48, 41, 97, 195, 23, 214, 84, 76, 100, 88, 43, 185, 259, 39, 97, 98, 52, 70, 33, 29, 107, 54, 85, 10, 41, 94, 114, 89, 152, 50, 37, 20, 39, 41, 55, 136, 160, 62, 101, 40, 23, 158, 12, 35, 26, 14, 137, 17, 69, 32, 93, 42, 76, 93, 119, 46, 123, 56, 56, 27, 88, 107, 137, 35, 35, 58, 52, 127, 59, 27, 35, 35, 46, 99, 9, 44, 41, 31], "episode_rewards": [0.0, 0.0, 0.0, 0.0, 0.0, 0.0, 0.0, 0.0, 0.0, 0.0, 0.0, 0.0, 0.0, 0.0, 0.0, 0.0, 0.0, 0.0, 0.0, 0.0, 0.0, 0.0, 0.0, 0.0, 0.0, 0.0, 0.0, 0.0, 0.0, 0.0, 0.0, 0.0, 0.0, 0.0, 0.0, 0.0, 0.0, 0.0, 0.0, 0.0, 0.0, 0.0, 0.0, 0.0, 0.0, 0.0, 0.0, 0.0, 0.0, 0.0, 0.0, 0.0, 0.0, 0.0, 0.0, 0.0, 0.0, 0.0, 0.0, 0.0, 0.0, 0.0, 0.0, 0.0, 0.0, 0.0, 0.0, 0.0, 0.0, 0.0, 0.0, 0.0, 0.0, 0.0, 0.0, 0.0, 0.0, 0.0, 0.0, 0.0, 0.0, 0.0, 0.0, 0.0, 0.0], "episode_types": ["t", "t", "t", "t", "t", "t", "t", "t", "t", "t", "t", "t", "t", "t", "t", "t", "t", "t", "t", "t", "t", "t", "t", "t", "t", "t", "t", "t", "t", "t", "t", "t", "t", "t", "t", "t", "t", "t", "t", "t", "t", "t", "t", "t", "t", "t", "t", "t", "t", "t", "t", "t", "t", "t", "t", "t", "t", "t", "t", "t", "t", "t", "t", "t", "t", "t", "t", "t", "t", "t", "t", "t", "t", "t", "t", "t", "t", "t", "t", "t", "t", "t", "t", "t", "t", "t"]}