{"initial_reset_timestamp": 1606319950.7597635, "timestamps": [1606319971.067853, 1606319975.1082847, 1606319979.727807, 1606319982.3229768, 1606319983.4393685, 1606319984.1545002, 1606319984.3735478, 1606319984.9667134, 1606319986.3216898, 1606319987.0402675, 1606319987.5004048, 1606319993.510598, 1606319995.2052531, 1606319995.9013765, 1606319996.6385884, 1606319997.0479348, 1606319997.3472188, 1606319997.4277728, 1606319997.6359367, 1606319998.5709956, 1606319999.0543017, 1606319999.7273977, 1606320000.3371038, 1606320002.0625658, 1606320003.413073, 1606320003.5828805, 1606320004.627923, 1606320006.8404763, 1606320009.819292, 1606320012.7464335, 1606320012.8047597, 1606320013.2931838, 1606320014.2888653, 1606320014.430316, 1606320014.6664765, 1606320014.8714428, 1606320014.9497657, 1606320017.2168887, 1606320017.3839595, 1606320018.3300846, 1606320018.8956103, 1606320020.4696872, 1606320021.8990355, 1606320022.9506896, 1606320023.13637, 1606320024.582211, 1606320024.9996405, 1606320025.9016533, 1606320026.129402, 1606320026.7486675, 1606320028.352995, 1606320028.4535065, 1606320028.5863898, 1606320029.4346027, 1606320030.0774045, 1606320030.1822622, 1606320031.0679743, 1606320031.7047973, 1606320032.4857726, 1606320033.17178, 1606320034.1459439, 1606320035.3945968, 1606320037.8917549], "episode_lengths": [99, 46, 92, 86, 72, 45, 32, 72, 67, 27, 26, 277, 75, 74, 101, 80, 31, 16, 39, 152, 66, 98, 114, 242, 159, 21, 127, 207, 155, 251, 8, 48, 102, 22, 27, 29, 11, 317, 31, 157, 82, 253, 226, 177, 36, 224, 53, 149, 44, 95, 231, 20, 25, 94, 35, 20, 105, 67, 110, 88, 106, 103, 324], "episode_rewards": [0.0, 0.0, 0.0, 0.0, 0.0, 0.0, 0.0, 0.0, 0.0, 0.0, 0.0, 0.0, 0.0, 0.0, 0.0, 0.0, 0.0, 0.0, 0.0, 0.0, 0.0, 0.0, 0.0, 0.0, 0.0, 0.0, 0.0, 0.0, 0.0, 0.0, 0.0, 0.0, 0.0, 0.0, 0.0, 0.0, 0.0, 0.0, 0.0, 0.0, 0.0, 0.0, 0.0, 0.0, 0.0, 0.0, 0.0, 0.0, 0.0, 0.0, 0.0, 0.0, 0.0, 0.0, 0.0, 0.0, 0.0, 0.0, 0.0, 0.0, 0.0, 0.0, 0.0], "episode_types": ["t", "t", "t", "t", "t", "t", "t", "t", "t", "t", "t", "t", "t", "t", "t", "t", "t", "t", "t", "t", "t", "t", "t", "t", "t", "t", "t", "t", "t", "t", "t", "t", "t", "t", "t", "t", "t", "t", "t", "t", "t", "t", "t", "t", "t", "t", "t", "t", "t", "t", "t", "t", "t", "t", "t", "t", "t", "t", "t", "t", "t", "t", "t", "t"]}