{"initial_reset_timestamp": 1606319950.751777, "timestamps": [1606319970.5688894, 1606319973.518403, 1606319979.6538014, 1606319980.6167786, 1606319982.9857893, 1606319983.189471, 1606319984.4553978, 1606319985.1628344, 1606319985.3715858, 1606319987.479987, 1606319991.942966, 1606319993.260761, 1606319993.7267594, 1606319995.246117, 1606319995.74579, 1606319997.7020314, 1606319997.7892385, 1606319998.5471184, 1606319999.3370585, 1606320000.133628, 1606320000.2990935, 1606320001.0533097, 1606320001.7908108, 1606320002.1013732, 1606320004.9854155, 1606320005.390977, 1606320005.9865673, 1606320010.0504627, 1606320013.7352123, 1606320014.7500167, 1606320015.4086692, 1606320015.8587344, 1606320016.596356, 1606320017.0537846, 1606320017.2612984, 1606320018.2769537, 1606320018.3837168, 1606320018.8292782, 1606320019.445535, 1606320021.201104, 1606320023.1466653, 1606320023.3808596, 1606320023.4955015, 1606320023.8648412, 1606320024.4811857, 1606320025.0483067, 1606320025.21328, 1606320026.1921813, 1606320027.0257428, 1606320027.4681442, 1606320028.4181993, 1606320029.3283827, 1606320030.1752872, 1606320030.3279417, 1606320030.8534749, 1606320031.060174, 1606320031.4577355, 1606320032.1571937, 1606320034.2337637, 1606320034.4257054, 1606320035.91243, 1606320037.7793183], "episode_lengths": [98, 35, 96, 39, 79, 31, 108, 65, 14, 97, 182, 73, 37, 68, 38, 310, 16, 119, 123, 121, 31, 102, 101, 54, 324, 52, 54, 260, 324, 117, 73, 61, 117, 63, 39, 170, 20, 60, 91, 291, 324, 18, 23, 69, 93, 82, 32, 163, 137, 60, 130, 111, 69, 29, 47, 29, 55, 84, 239, 31, 152, 223], "episode_rewards": [0.0, 0.0, 0.0, 0.0, 0.0, 0.0, 0.0, 0.0, 0.0, 0.0, 0.0, 0.0, 0.0, 0.0, 0.0, 0.0, 0.0, 0.0, 0.0, 0.0, 0.0, 0.0, 0.0, 0.0, 0.0, 0.0, 0.0, 0.0, 0.0, 0.0, 0.0, 0.0, 0.0, 0.0, 0.0, 0.0, 0.0, 0.0, 0.0, 0.0, 0.0, 0.0, 0.0, 0.0, 0.0, 0.0, 0.0, 0.0, 0.0, 0.0, 0.0, 0.0, 0.0, 0.0, 0.0, 0.0, 0.0, 0.0, 0.0, 0.0, 0.0, 0.0], "episode_types": ["t", "t", "t", "t", "t", "t", "t", "t", "t", "t", "t", "t", "t", "t", "t", "t", "t", "t", "t", "t", "t", "t", "t", "t", "t", "t", "t", "t", "t", "t", "t", "t", "t", "t", "t", "t", "t", "t", "t", "t", "t", "t", "t", "t", "t", "t", "t", "t", "t", "t", "t", "t", "t", "t", "t", "t", "t", "t", "t", "t", "t", "t", "t"]}