{"initial_reset_timestamp": 1606319950.747816, "timestamps": [1606319964.9793704, 1606319980.6157486, 1606319984.4085872, 1606319986.0797248, 1606319987.2689862, 1606319988.161887, 1606319989.8863833, 1606319992.55535, 1606319992.8170116, 1606319996.0146954, 1606319997.7660975, 1606319998.125555, 1606319999.3072624, 1606319999.505533, 1606320000.2491755, 1606320000.630059, 1606320001.2660375, 1606320001.6634784, 1606320002.049509, 1606320003.159306, 1606320003.4942474, 1606320004.4932303, 1606320005.0366704, 1606320005.810007, 1606320008.8139217, 1606320009.876748, 1606320012.8793676, 1606320013.1176133, 1606320013.418048, 1606320013.7213345, 1606320015.8838558, 1606320017.0584939, 1606320017.4964626, 1606320019.0660293, 1606320020.252427, 1606320020.6533134, 1606320021.0890346, 1606320021.520247, 1606320022.1944172, 1606320022.819055, 1606320023.0830266, 1606320023.7471352, 1606320023.9344172, 1606320024.3253515, 1606320024.7401993, 1606320025.136388, 1606320025.3951483, 1606320027.0198238, 1606320027.427763, 1606320027.6046531, 1606320028.7317321, 1606320029.4952803, 1606320030.646326, 1606320031.1752436, 1606320031.9165585, 1606320032.257847, 1606320032.775242, 1606320033.1830995, 1606320033.5168715, 1606320034.4309192, 1606320035.5011487, 1606320035.7810988, 1606320037.042212, 1606320037.0998201, 1606320037.678811], "episode_lengths": [46, 222, 210, 111, 55, 44, 83, 99, 20, 222, 270, 41, 200, 35, 113, 46, 100, 45, 65, 145, 28, 113, 55, 76, 211, 49, 264, 18, 33, 30, 258, 176, 83, 249, 179, 78, 59, 84, 104, 95, 51, 100, 35, 50, 79, 50, 50, 264, 53, 35, 147, 91, 89, 77, 86, 52, 49, 65, 39, 103, 83, 43, 167, 9, 61], "episode_rewards": [0.0, 0.0, 0.0, 0.0, 0.0, 0.0, 0.0, 0.0, 0.0, 0.0, 0.0, 0.0, 0.0, 0.0, 0.0, 0.0, 0.0, 0.0, 0.0, 0.0, 0.0, 0.0, 0.0, 0.0, 0.0, 0.0, 0.0, 0.0, 0.0, 0.0, 0.0, 0.0, 0.0, 0.0, 0.0, 0.0, 0.0, 0.0, 0.0, 0.0, 0.0, 0.0, 0.0, 0.0, 0.0, 0.0, 0.0, 0.0, 0.0, 0.0, 0.0, 0.0, 0.0, 0.0, 0.0, 0.0, 0.0, 0.0, 0.0, 0.0, 0.0, 0.0, 0.0, 0.0, 0.0], "episode_types": ["t", "t", "t", "t", "t", "t", "t", "t", "t", "t", "t", "t", "t", "t", "t", "t", "t", "t", "t", "t", "t", "t", "t", "t", "t", "t", "t", "t", "t", "t", "t", "t", "t", "t", "t", "t", "t", "t", "t", "t", "t", "t", "t", "t", "t", "t", "t", "t", "t", "t", "t", "t", "t", "t", "t", "t", "t", "t", "t", "t", "t", "t", "t", "t", "t", "t"]}