{"initial_reset_timestamp": 1606319950.7557616, "timestamps": [1606319968.0587974, 1606319981.1483347, 1606319983.177419, 1606319983.5565233, 1606319988.8232586, 1606319989.158332, 1606319990.764491, 1606319993.5670567, 1606319995.0788858, 1606319995.802017, 1606319995.907152, 1606319996.7205498, 1606319997.8185365, 1606319999.9500983, 1606320000.2707536, 1606320001.1264231, 1606320001.4409554, 1606320001.7622309, 1606320002.9625256, 1606320003.4401724, 1606320003.840584, 1606320004.0948734, 1606320005.2106667, 1606320005.8282678, 1606320010.3485675, 1606320011.914961, 1606320012.9443355, 1606320013.148008, 1606320013.5864928, 1606320014.573635, 1606320015.6370087, 1606320016.4579387, 1606320016.5620184, 1606320017.2340732, 1606320018.2004063, 1606320018.2927167, 1606320019.4399765, 1606320021.263641, 1606320021.8784006, 1606320023.837998, 1606320023.9080343, 1606320025.4497712, 1606320026.052067, 1606320026.9283257, 1606320027.4182177, 1606320028.459966, 1606320028.580033, 1606320030.0609722, 1606320030.1753747, 1606320030.3634586, 1606320031.088229, 1606320031.4977717, 1606320032.9364314, 1606320033.2568855, 1606320035.4955924, 1606320035.531162, 1606320036.3114667, 1606320036.6073246], "episode_lengths": [70, 211, 95, 37, 324, 20, 54, 135, 58, 67, 20, 116, 184, 324, 60, 119, 29, 55, 176, 38, 46, 33, 121, 54, 308, 114, 102, 18, 44, 111, 130, 120, 20, 103, 160, 18, 167, 304, 93, 324, 13, 244, 91, 145, 69, 148, 23, 127, 22, 36, 73, 54, 171, 50, 213, 6, 115, 43], "episode_rewards": [0.0, 0.0, 0.0, 0.0, 0.0, 0.0, 0.0, 0.0, 0.0, 0.0, 0.0, 0.0, 0.0, 0.0, 0.0, 0.0, 0.0, 0.0, 0.0, 0.0, 0.0, 0.0, 0.0, 0.0, 0.0, 0.0, 0.0, 0.0, 0.0, 0.0, 0.0, 0.0, 0.0, 0.0, 0.0, 0.0, 0.0, 0.0, 0.0, 0.0, 0.0, 0.0, 0.0, 0.0, 0.0, 0.0, 0.0, 0.0, 0.0, 0.0, 0.0, 0.0, 0.0, 0.0, 0.0, 0.0, 0.0, 0.0], "episode_types": ["t", "t", "t", "t", "t", "t", "t", "t", "t", "t", "t", "t", "t", "t", "t", "t", "t", "t", "t", "t", "t", "t", "t", "t", "t", "t", "t", "t", "t", "t", "t", "t", "t", "t", "t", "t", "t", "t", "t", "t", "t", "t", "t", "t", "t", "t", "t", "t", "t", "t", "t", "t", "t", "t", "t", "t", "t", "t", "t"]}