{"initial_reset_timestamp": 1606319950.7325525, "timestamps": [1606319972.2397077, 1606319980.476372, 1606319980.6078095, 1606319984.542919, 1606319985.8614597, 1606319987.014324, 1606319988.0702105, 1606319988.592762, 1606319992.0743153, 1606319993.8620498, 1606319996.6257532, 1606319996.9482656, 1606319997.4526556, 1606319998.058109, 1606319998.241954, 1606319999.1798127, 1606319999.236839, 1606319999.8397577, 1606320000.2919266, 1606320001.0765443, 1606320001.7006178, 1606320004.2269483, 1606320005.2548032, 1606320005.8646321, 1606320006.7790518, 1606320011.8637898, 1606320011.9925425, 1606320013.3687506, 1606320014.0341442, 1606320015.3725798, 1606320015.7547739, 1606320016.3032641, 1606320016.4396722, 1606320017.496503, 1606320019.090482, 1606320019.6540031, 1606320019.797764, 1606320019.8891852, 1606320019.9781122, 1606320021.1691718, 1606320022.8082485, 1606320023.0275588, 1606320023.1349807, 1606320023.3950791, 1606320024.2264445, 1606320024.5013008, 1606320026.5219889, 1606320027.0809405, 1606320027.4373548, 1606320027.7615645, 1606320028.5383403, 1606320030.299063, 1606320031.196396, 1606320031.404292, 1606320034.143232, 1606320035.0306304, 1606320035.392506, 1606320037.3010826, 1606320037.9497895], "episode_lengths": [109, 147, 11, 234, 71, 63, 48, 43, 137, 108, 218, 63, 71, 87, 37, 152, 11, 84, 85, 107, 82, 324, 106, 53, 85, 324, 20, 135, 61, 160, 51, 76, 27, 176, 254, 84, 28, 18, 17, 180, 265, 42, 21, 23, 132, 54, 311, 109, 44, 51, 108, 181, 100, 29, 324, 65, 38, 253, 79], "episode_rewards": [0.0, 0.0, 0.0, 0.0, 0.0, 0.0, 0.0, 0.0, 0.0, 0.0, 0.0, 0.0, 0.0, 0.0, 0.0, 0.0, 0.0, 0.0, 0.0, 0.0, 0.0, 0.0, 0.0, 0.0, 0.0, 0.0, 0.0, 0.0, 0.0, 0.0, 0.0, 0.0, 0.0, 0.0, 0.0, 0.0, 0.0, 0.0, 0.0, 0.0, 0.0, 0.0, 0.0, 0.0, 0.0, 0.0, 0.0, 0.0, 0.0, 0.0, 0.0, 0.0, 0.0, 0.0, 0.0, 0.0, 0.0, 0.0, 0.0], "episode_types": ["t", "t", "t", "t", "t", "t", "t", "t", "t", "t", "t", "t", "t", "t", "t", "t", "t", "t", "t", "t", "t", "t", "t", "t", "t", "t", "t", "t", "t", "t", "t", "t", "t", "t", "t", "t", "t", "t", "t", "t", "t", "t", "t", "t", "t", "t", "t", "t", "t", "t", "t", "t", "t", "t", "t", "t", "t", "t", "t", "t"]}