{"initial_reset_timestamp": 1606319950.7637608, "timestamps": [1606319968.065165, 1606319971.6233244, 1606319980.5154858, 1606319983.4316123, 1606319984.537992, 1606319984.9659677, 1606319986.915254, 1606319988.2940996, 1606319989.1562302, 1606319993.791142, 1606319994.9205935, 1606319995.8955472, 1606319996.6265733, 1606319996.9431458, 1606319997.3108773, 1606319997.5266018, 1606319998.1016357, 1606319998.6824384, 1606319999.6875455, 1606319999.8510215, 1606320000.0292666, 1606320000.4968672, 1606320000.6692202, 1606320000.9405766, 1606320002.1333253, 1606320002.5662441, 1606320002.8275115, 1606320003.0858438, 1606320003.5886087, 1606320004.9196768, 1606320005.1028132, 1606320006.7259684, 1606320009.1478193, 1606320009.8095849, 1606320010.5464363, 1606320010.7719219, 1606320012.3404233, 1606320013.5406792, 1606320014.2286842, 1606320016.4733796, 1606320016.578897, 1606320017.1000974, 1606320017.3675706, 1606320018.3775785, 1606320018.7611866, 1606320018.9999552, 1606320020.2180521, 1606320020.5617077, 1606320020.592247, 1606320021.1999614, 1606320021.39059, 1606320022.560404, 1606320022.8450284, 1606320023.6560528, 1606320023.875084, 1606320024.1316514, 1606320024.3365989, 1606320024.5382047, 1606320024.6885588, 1606320024.9452057, 1606320025.9741507, 1606320027.9315941, 1606320028.9528513, 1606320030.380407, 1606320031.465309, 1606320031.8911552, 1606320032.1771827, 1606320032.3798661, 1606320034.2822478, 1606320035.370162, 1606320035.4950328, 1606320036.2629085, 1606320036.5281634, 1606320037.4251325, 1606320037.5588598, 1606320037.7641957, 1606320038.1149955], "episode_lengths": [70, 32, 156, 136, 106, 44, 77, 83, 53, 205, 33, 94, 100, 62, 44, 41, 82, 113, 135, 30, 33, 63, 32, 39, 180, 58, 40, 23, 46, 145, 22, 153, 156, 11, 79, 24, 118, 110, 70, 298, 20, 75, 50, 169, 48, 44, 185, 67, 6, 93, 37, 173, 56, 130, 40, 22, 41, 39, 28, 22, 174, 311, 135, 142, 122, 42, 44, 20, 224, 85, 21, 111, 38, 105, 11, 25, 40], "episode_rewards": [0.0, 0.0, 0.0, 0.0, 0.0, 0.0, 0.0, 0.0, 0.0, 0.0, 0.0, 0.0, 0.0, 0.0, 0.0, 0.0, 0.0, 0.0, 0.0, 0.0, 0.0, 0.0, 0.0, 0.0, 0.0, 0.0, 0.0, 0.0, 0.0, 0.0, 0.0, 0.0, 0.0, 0.0, 0.0, 0.0, 0.0, 0.0, 0.0, 0.0, 0.0, 0.0, 0.0, 0.0, 0.0, 0.0, 0.0, 0.0, 0.0, 0.0, 0.0, 0.0, 0.0, 0.0, 0.0, 0.0, 0.0, 0.0, 0.0, 0.0, 0.0, 0.0, 0.0, 0.0, 0.0, 0.0, 0.0, 0.0, 0.0, 0.0, 0.0, 0.0, 0.0, 0.0, 0.0, 0.0, 0.0], "episode_types": ["t", "t", "t", "t", "t", "t", "t", "t", "t", "t", "t", "t", "t", "t", "t", "t", "t", "t", "t", "t", "t", "t", "t", "t", "t", "t", "t", "t", "t", "t", "t", "t", "t", "t", "t", "t", "t", "t", "t", "t", "t", "t", "t", "t", "t", "t", "t", "t", "t", "t", "t", "t", "t", "t", "t", "t", "t", "t", "t", "t", "t", "t", "t", "t", "t", "t", "t", "t", "t", "t", "t", "t", "t", "t", "t", "t", "t", "t"]}