{"initial_reset_timestamp": 1606319950.7325857, "timestamps": [1606319974.0625935, 1606319977.3935761, 1606319980.6001875, 1606319982.5180554, 1606319983.6413486, 1606319984.15311, 1606319984.4428186, 1606319985.2174494, 1606319985.943848, 1606319987.9962234, 1606319989.190083, 1606319990.7399712, 1606319993.3988512, 1606319993.5505488, 1606319996.057821, 1606319997.5095792, 1606319997.6234815, 1606319998.052668, 1606319998.3838582, 1606319998.6160836, 1606319998.9688106, 1606320000.524817, 1606320000.6005712, 1606320000.7068517, 1606320001.2287965, 1606320001.7598479, 1606320002.7375522, 1606320003.5314376, 1606320004.2159517, 1606320005.7299564, 1606320006.1246197, 1606320008.613153, 1606320009.8930051, 1606320011.90818, 1606320012.1646967, 1606320013.1682253, 1606320014.7210836, 1606320015.735144, 1606320016.3589718, 1606320016.6110344, 1606320017.0479145, 1606320017.3512063, 1606320017.4288175, 1606320017.7888477, 1606320017.852031, 1606320019.5576265, 1606320020.2172644, 1606320020.4579778, 1606320020.6812162, 1606320022.7492611, 1606320022.9766057, 1606320023.8807797, 1606320025.264646, 1606320025.3589907, 1606320025.8189971, 1606320026.1802883, 1606320026.3161502, 1606320026.8400464, 1606320028.5845828, 1606320031.1888034, 1606320031.9818046, 1606320032.3656332, 1606320032.9847124, 1606320034.1504843, 1606320035.6941347, 1606320036.1417644, 1606320036.3675685, 1606320036.655635], "episode_lengths": [137, 47, 82, 75, 85, 14, 44, 68, 28, 93, 85, 50, 119, 17, 176, 213, 22, 54, 65, 44, 40, 239, 14, 20, 80, 67, 156, 71, 85, 143, 39, 169, 65, 161, 32, 90, 175, 120, 90, 48, 59, 57, 15, 43, 13, 276, 102, 47, 43, 324, 43, 146, 214, 18, 63, 70, 26, 77, 258, 271, 94, 48, 77, 136, 151, 55, 45, 41], "episode_rewards": [0.0, 0.0, 0.0, 0.0, 0.0, 0.0, 0.0, 0.0, 0.0, 0.0, 0.0, 0.0, 0.0, 0.0, 0.0, 0.0, 0.0, 0.0, 0.0, 0.0, 0.0, 0.0, 0.0, 0.0, 0.0, 0.0, 0.0, 0.0, 0.0, 0.0, 0.0, 0.0, 0.0, 0.0, 0.0, 0.0, 0.0, 0.0, 0.0, 0.0, 0.0, 0.0, 0.0, 0.0, 0.0, 0.0, 0.0, 0.0, 0.0, 0.0, 0.0, 0.0, 0.0, 0.0, 0.0, 0.0, 0.0, 0.0, 0.0, 0.0, 0.0, 0.0, 0.0, 0.0, 0.0, 0.0, 0.0, 0.0], "episode_types": ["t", "t", "t", "t", "t", "t", "t", "t", "t", "t", "t", "t", "t", "t", "t", "t", "t", "t", "t", "t", "t", "t", "t", "t", "t", "t", "t", "t", "t", "t", "t", "t", "t", "t", "t", "t", "t", "t", "t", "t", "t", "t", "t", "t", "t", "t", "t", "t", "t", "t", "t", "t", "t", "t", "t", "t", "t", "t", "t", "t", "t", "t", "t", "t", "t", "t", "t", "t", "t"]}