{"initial_reset_timestamp": 1606319950.732529, "timestamps": [1606319961.9310718, 1606319978.583818, 1606319982.415248, 1606319986.1361973, 1606319988.411355, 1606319989.096667, 1606319992.0735962, 1606319993.0884466, 1606319993.2885268, 1606319993.5247972, 1606319994.8810513, 1606319995.9373868, 1606319996.1604376, 1606319996.7465732, 1606319996.8657358, 1606319997.629521, 1606319998.063623, 1606319998.2418675, 1606319998.5636065, 1606319999.164401, 1606319999.9927127, 1606320000.860476, 1606320000.945398, 1606320001.68112, 1606320002.6392987, 1606320002.9348676, 1606320004.711575, 1606320004.9605253, 1606320007.3010926, 1606320008.7238169, 1606320011.6011536, 1606320011.6457813, 1606320013.7604423, 1606320014.4423785, 1606320015.125828, 1606320015.7620163, 1606320015.8525562, 1606320016.4851635, 1606320017.0936444, 1606320017.1660948, 1606320017.3983777, 1606320017.740308, 1606320018.8226717, 1606320018.9936144, 1606320019.025366, 1606320019.7654402, 1606320021.5079942, 1606320021.8310442, 1606320023.790383, 1606320024.1194072, 1606320024.6933014, 1606320025.0996125, 1606320026.0721016, 1606320026.877641, 1606320028.7455935, 1606320030.6526089, 1606320031.4116473, 1606320031.8589349, 1606320031.9421105, 1606320033.1527927, 1606320033.503329, 1606320034.3444085, 1606320035.6823573], "episode_lengths": [32, 178, 116, 270, 115, 42, 110, 44, 14, 22, 47, 107, 43, 72, 24, 120, 55, 36, 61, 88, 127, 127, 14, 101, 150, 35, 191, 19, 186, 100, 178, 7, 224, 76, 71, 86, 13, 97, 92, 14, 43, 39, 184, 31, 6, 119, 287, 36, 324, 36, 111, 52, 162, 131, 265, 179, 109, 44, 13, 157, 42, 91, 126], "episode_rewards": [0.0, 0.0, 0.0, 0.0, 0.0, 0.0, 0.0, 0.0, 0.0, 0.0, 0.0, 0.0, 0.0, 0.0, 0.0, 0.0, 0.0, 0.0, 0.0, 0.0, 0.0, 0.0, 0.0, 0.0, 0.0, 0.0, 0.0, 0.0, 0.0, 0.0, 0.0, 0.0, 0.0, 0.0, 0.0, 0.0, 0.0, 0.0, 0.0, 0.0, 0.0, 0.0, 0.0, 0.0, 0.0, 0.0, 0.0, 0.0, 0.0, 0.0, 0.0, 0.0, 0.0, 0.0, 0.0, 0.0, 0.0, 0.0, 0.0, 0.0, 0.0, 0.0, 0.0], "episode_types": ["t", "t", "t", "t", "t", "t", "t", "t", "t", "t", "t", "t", "t", "t", "t", "t", "t", "t", "t", "t", "t", "t", "t", "t", "t", "t", "t", "t", "t", "t", "t", "t", "t", "t", "t", "t", "t", "t", "t", "t", "t", "t", "t", "t", "t", "t", "t", "t", "t", "t", "t", "t", "t", "t", "t", "t", "t", "t", "t", "t", "t", "t", "t", "t"]}