{"initial_reset_timestamp": 1606319950.7325287, "timestamps": [1606319962.4620829, 1606319980.5139663, 1606319982.250699, 1606319983.1016958, 1606319984.3778841, 1606319984.4726796, 1606319984.5674694, 1606319986.3527498, 1606319987.4960728, 1606319988.1869686, 1606319988.4295688, 1606319990.9888377, 1606319993.7084596, 1606319995.473854, 1606319997.025979, 1606319997.3934677, 1606319997.4686189, 1606319997.8510194, 1606319998.476614, 1606319999.0631316, 1606320000.8861122, 1606320001.198678, 1606320001.5324156, 1606320002.2957926, 1606320002.5974617, 1606320003.069228, 1606320005.432356, 1606320007.6952972, 1606320008.575263, 1606320012.2856688, 1606320013.7409284, 1606320014.8470814, 1606320015.206342, 1606320015.5844731, 1606320016.208601, 1606320017.2436318, 1606320017.995056, 1606320018.3280482, 1606320018.6497574, 1606320020.353348, 1606320021.4156117, 1606320023.1097233, 1606320024.3042278, 1606320024.5700395, 1606320024.7521217, 1606320025.8614511, 1606320026.8346467, 1606320027.905174, 1606320028.480463, 1606320028.6893997, 1606320030.127627, 1606320030.2508256, 1606320031.463584, 1606320032.8400383, 1606320033.3177178, 1606320035.385936, 1606320035.9682558, 1606320038.0983343], "episode_lengths": [34, 224, 56, 51, 108, 16, 16, 108, 51, 27, 22, 121, 118, 80, 235, 44, 15, 71, 95, 85, 277, 52, 33, 109, 59, 55, 257, 146, 74, 271, 142, 130, 32, 52, 78, 174, 119, 64, 35, 278, 181, 275, 176, 51, 34, 163, 163, 165, 74, 26, 133, 24, 146, 158, 75, 185, 98, 248], "episode_rewards": [0.0, 0.0, 0.0, 0.0, 0.0, 0.0, 0.0, 0.0, 0.0, 0.0, 0.0, 0.0, 0.0, 0.0, 0.0, 0.0, 0.0, 0.0, 0.0, 0.0, 0.0, 0.0, 0.0, 0.0, 0.0, 0.0, 0.0, 0.0, 0.0, 0.0, 0.0, 0.0, 0.0, 0.0, 0.0, 0.0, 0.0, 0.0, 0.0, 0.0, 0.0, 0.0, 0.0, 0.0, 0.0, 0.0, 0.0, 0.0, 0.0, 0.0, 0.0, 0.0, 0.0, 0.0, 0.0, 0.0, 0.0, 0.0], "episode_types": ["t", "t", "t", "t", "t", "t", "t", "t", "t", "t", "t", "t", "t", "t", "t", "t", "t", "t", "t", "t", "t", "t", "t", "t", "t", "t", "t", "t", "t", "t", "t", "t", "t", "t", "t", "t", "t", "t", "t", "t", "t", "t", "t", "t", "t", "t", "t", "t", "t", "t", "t", "t", "t", "t", "t", "t", "t", "t", "t"]}