{"initial_reset_timestamp": 1606319950.7478774, "timestamps": [1606319954.2967598, 1606319975.017045, 1606319982.101628, 1606319983.6269412, 1606319984.7986207, 1606319988.0702424, 1606319990.0021513, 1606319993.1889145, 1606319993.8704662, 1606319996.4129353, 1606319996.664479, 1606319996.908423, 1606319998.42031, 1606319999.153263, 1606320000.9530509, 1606320001.1018348, 1606320003.6161842, 1606320003.8636973, 1606320004.1173413, 1606320005.0595505, 1606320008.473366, 1606320009.8001592, 1606320010.0184495, 1606320012.3817596, 1606320013.3234305, 1606320013.850244, 1606320014.5175583, 1606320015.7753859, 1606320016.4525237, 1606320017.029345, 1606320017.0843143, 1606320017.3165927, 1606320018.087653, 1606320018.7142515, 1606320018.7816074, 1606320019.1315486, 1606320019.163368, 1606320019.4020803, 1606320019.776594, 1606320020.7433493, 1606320021.4417062, 1606320021.5153785, 1606320021.9416196, 1606320023.902105, 1606320024.5987916, 1606320025.8894382, 1606320025.9584095, 1606320026.0577917, 1606320026.2139099, 1606320026.527967, 1606320026.9082716, 1606320027.7564778, 1606320028.4117978, 1606320028.6843536, 1606320029.2984908, 1606320030.579543, 1606320030.860423, 1606320031.456765, 1606320032.7403, 1606320033.9801068, 1606320035.0782328, 1606320035.2784536, 1606320035.4166522, 1606320036.3684862, 1606320036.485537], "episode_lengths": [1, 139, 154, 130, 96, 163, 99, 132, 58, 180, 44, 48, 237, 113, 271, 25, 324, 27, 34, 96, 259, 66, 27, 201, 85, 60, 73, 148, 102, 85, 11, 43, 124, 94, 13, 66, 6, 20, 74, 161, 111, 14, 56, 324, 108, 197, 13, 19, 30, 35, 75, 127, 85, 38, 70, 114, 36, 83, 142, 148, 100, 11, 23, 145, 11], "episode_rewards": [0.0, 0.0, 0.0, 0.0, 0.0, 0.0, 0.0, 0.0, 0.0, 0.0, 0.0, 0.0, 0.0, 0.0, 0.0, 0.0, 0.0, 0.0, 0.0, 0.0, 0.0, 0.0, 0.0, 0.0, 0.0, 0.0, 0.0, 0.0, 0.0, 0.0, 0.0, 0.0, 0.0, 0.0, 0.0, 0.0, 0.0, 0.0, 0.0, 0.0, 0.0, 0.0, 0.0, 0.0, 0.0, 0.0, 0.0, 0.0, 0.0, 0.0, 0.0, 0.0, 0.0, 0.0, 0.0, 0.0, 0.0, 0.0, 0.0, 0.0, 0.0, 0.0, 0.0, 0.0, 0.0], "episode_types": ["t", "t", "t", "t", "t", "t", "t", "t", "t", "t", "t", "t", "t", "t", "t", "t", "t", "t", "t", "t", "t", "t", "t", "t", "t", "t", "t", "t", "t", "t", "t", "t", "t", "t", "t", "t", "t", "t", "t", "t", "t", "t", "t", "t", "t", "t", "t", "t", "t", "t", "t", "t", "t", "t", "t", "t", "t", "t", "t", "t", "t", "t", "t", "t", "t", "t"]}