{"initial_reset_timestamp": 1606319950.7557619, "timestamps": [1606319955.9851925, 1606319971.5837982, 1606319979.0301118, 1606319983.0122278, 1606319983.0832841, 1606319984.531634, 1606319987.001033, 1606319988.9030137, 1606319991.4713242, 1606319993.703511, 1606319995.071229, 1606319996.473515, 1606319997.4339185, 1606319997.7398906, 1606319998.3211887, 1606319999.2271585, 1606319999.462629, 1606320000.6377945, 1606320001.6886, 1606320002.0340376, 1606320003.0567229, 1606320003.1340284, 1606320003.6771708, 1606320004.080182, 1606320004.9631414, 1606320006.1590352, 1606320010.1323183, 1606320010.7943242, 1606320012.1102176, 1606320012.8606622, 1606320013.7092097, 1606320014.0278816, 1606320014.3772197, 1606320015.485925, 1606320015.8308594, 1606320016.1638858, 1606320016.4802706, 1606320017.2444825, 1606320017.5614321, 1606320018.9197783, 1606320020.1883888, 1606320020.40759, 1606320020.6668649, 1606320021.2421997, 1606320021.5263748, 1606320022.7622871, 1606320023.099974, 1606320024.1991754, 1606320025.2716544, 1606320025.5741012, 1606320026.9293187, 1606320026.974425, 1606320028.3581045, 1606320029.4971652, 1606320030.1081254, 1606320030.294094, 1606320031.0741446, 1606320031.983525, 1606320032.1056771, 1606320033.076513, 1606320034.2762547, 1606320035.3589551, 1606320037.8477492], "episode_lengths": [6, 95, 110, 140, 11, 137, 134, 107, 99, 112, 52, 158, 158, 58, 85, 146, 42, 168, 148, 58, 136, 8, 54, 47, 91, 116, 257, 70, 87, 75, 82, 28, 46, 131, 45, 38, 62, 121, 60, 209, 194, 43, 50, 87, 55, 187, 65, 157, 180, 58, 212, 9, 188, 147, 32, 36, 84, 110, 19, 120, 134, 84, 324], "episode_rewards": [0.0, 0.0, 0.0, 0.0, 0.0, 0.0, 0.0, 0.0, 0.0, 0.0, 0.0, 0.0, 0.0, 0.0, 0.0, 0.0, 0.0, 0.0, 0.0, 0.0, 0.0, 0.0, 0.0, 0.0, 0.0, 0.0, 0.0, 0.0, 0.0, 0.0, 0.0, 0.0, 0.0, 0.0, 0.0, 0.0, 0.0, 0.0, 0.0, 0.0, 0.0, 0.0, 0.0, 0.0, 0.0, 0.0, 0.0, 0.0, 0.0, 0.0, 0.0, 0.0, 0.0, 0.0, 0.0, 0.0, 0.0, 0.0, 0.0, 0.0, 0.0, 0.0, 0.0], "episode_types": ["t", "t", "t", "t", "t", "t", "t", "t", "t", "t", "t", "t", "t", "t", "t", "t", "t", "t", "t", "t", "t", "t", "t", "t", "t", "t", "t", "t", "t", "t", "t", "t", "t", "t", "t", "t", "t", "t", "t", "t", "t", "t", "t", "t", "t", "t", "t", "t", "t", "t", "t", "t", "t", "t", "t", "t", "t", "t", "t", "t", "t", "t", "t", "t"]}