{"initial_reset_timestamp": 1606319950.7637696, "timestamps": [1606319982.3298757, 1606319983.6498945, 1606319984.485819, 1606319986.1624014, 1606319992.5216348, 1606319993.6321068, 1606319995.6604328, 1606319996.2034073, 1606319996.4857936, 1606319996.8668752, 1606319997.3260322, 1606319998.3330069, 1606319998.8723474, 1606319999.053512, 1606319999.949689, 1606320000.5840244, 1606320001.0650005, 1606320001.1681235, 1606320001.7436147, 1606320002.828384, 1606320004.0800242, 1606320004.2276227, 1606320004.5595155, 1606320005.0234492, 1606320005.2491298, 1606320005.9346547, 1606320007.346071, 1606320008.7656167, 1606320009.7806265, 1606320010.9222949, 1606320011.741322, 1606320012.4753559, 1606320013.2576272, 1606320013.694319, 1606320014.7993054, 1606320014.9069457, 1606320015.3151667, 1606320015.593382, 1606320015.9096305, 1606320016.2709951, 1606320016.4911988, 1606320017.5490015, 1606320017.9546976, 1606320018.744506, 1606320018.81809, 1606320018.8779278, 1606320019.874336, 1606320020.5406518, 1606320021.0310953, 1606320021.2691407, 1606320021.5370264, 1606320022.6628335, 1606320023.3437884, 1606320023.8433027, 1606320024.3113887, 1606320024.538583, 1606320024.6154473, 1606320025.4015498, 1606320025.9011075, 1606320025.9743438, 1606320026.5723093, 1606320027.5591686, 1606320030.0452824, 1606320030.5860562, 1606320032.3415616, 1606320032.7647564, 1606320035.7233207, 1606320035.827202, 1606320038.0697622], "episode_lengths": [324, 103, 64, 108, 266, 83, 102, 98, 15, 73, 62, 166, 75, 36, 140, 93, 76, 17, 74, 166, 128, 23, 32, 42, 31, 63, 91, 100, 42, 118, 34, 92, 64, 44, 130, 15, 37, 40, 45, 44, 43, 177, 53, 126, 14, 11, 167, 103, 69, 47, 52, 166, 104, 95, 64, 44, 14, 125, 71, 14, 90, 167, 267, 67, 222, 42, 324, 20, 271], "episode_rewards": [0.0, 0.0, 0.0, 0.0, 0.0, 0.0, 0.0, 0.0, 0.0, 0.0, 0.0, 0.0, 0.0, 0.0, 0.0, 0.0, 0.0, 0.0, 0.0, 0.0, 0.0, 0.0, 0.0, 0.0, 0.0, 0.0, 0.0, 0.0, 0.0, 0.0, 0.0, 0.0, 0.0, 0.0, 0.0, 0.0, 0.0, 0.0, 0.0, 0.0, 0.0, 0.0, 0.0, 0.0, 0.0, 0.0, 0.0, 0.0, 0.0, 0.0, 0.0, 0.0, 0.0, 0.0, 0.0, 0.0, 0.0, 0.0, 0.0, 0.0, 0.0, 0.0, 0.0, 0.0, 0.0, 0.0, 0.0, 0.0, 0.24722222222222212], "episode_types": ["t", "t", "t", "t", "t", "t", "t", "t", "t", "t", "t", "t", "t", "t", "t", "t", "t", "t", "t", "t", "t", "t", "t", "t", "t", "t", "t", "t", "t", "t", "t", "t", "t", "t", "t", "t", "t", "t", "t", "t", "t", "t", "t", "t", "t", "t", "t", "t", "t", "t", "t", "t", "t", "t", "t", "t", "t", "t", "t", "t", "t", "t", "t", "t", "t", "t", "t", "t", "t", "t"]}