{"initial_reset_timestamp": 1606319950.7481203, "timestamps": [1606319958.6793208, 1606319974.0680304, 1606319978.5887842, 1606319979.1459022, 1606319984.1976054, 1606319986.91827, 1606319990.1838155, 1606319990.7945468, 1606319995.4968975, 1606319995.8019638, 1606319997.4820673, 1606319998.6674294, 1606319999.8198602, 1606320000.869047, 1606320001.9052541, 1606320002.405341, 1606320003.3497298, 1606320004.542165, 1606320005.392745, 1606320006.301444, 1606320007.3385785, 1606320008.9103723, 1606320011.600387, 1606320011.9694407, 1606320012.4617782, 1606320013.1202853, 1606320013.4203057, 1606320013.6460397, 1606320014.0867336, 1606320015.7574687, 1606320016.1633897, 1606320017.19949, 1606320017.491784, 1606320017.8237123, 1606320017.892583, 1606320018.346522, 1606320018.8783567, 1606320019.920893, 1606320021.336562, 1606320021.762047, 1606320022.1480463, 1606320023.4210992, 1606320024.1262522, 1606320024.593525, 1606320024.93988, 1606320026.291969, 1606320026.7320185, 1606320027.026949, 1606320028.592998, 1606320029.292561, 1606320029.9811196, 1606320032.2371051, 1606320032.8538768, 1606320033.8177748, 1606320034.1530573, 1606320036.26309, 1606320036.7680552], "episode_lengths": [14, 123, 73, 11, 227, 173, 175, 19, 220, 36, 257, 200, 162, 161, 148, 70, 110, 142, 92, 74, 63, 111, 163, 52, 59, 51, 33, 21, 44, 203, 48, 175, 55, 38, 14, 87, 76, 176, 223, 56, 75, 193, 107, 91, 39, 236, 61, 57, 223, 73, 37, 293, 65, 107, 50, 230, 84], "episode_rewards": [0.0, 0.0, 0.0, 0.0, 0.0, 0.0, 0.0, 0.0, 0.0, 0.0, 0.0, 0.0, 0.0, 0.0, 0.0, 0.0, 0.0, 0.0, 0.0, 0.0, 0.0, 0.0, 0.0, 0.0, 0.0, 0.0, 0.0, 0.0, 0.0, 0.0, 0.0, 0.0, 0.0, 0.0, 0.0, 0.0, 0.0, 0.0, 0.0, 0.0, 0.0, 0.0, 0.0, 0.0, 0.0, 0.0, 0.0, 0.0, 0.0, 0.0, 0.0, 0.0, 0.0, 0.0, 0.0, 0.0, 0.0], "episode_types": ["t", "t", "t", "t", "t", "t", "t", "t", "t", "t", "t", "t", "t", "t", "t", "t", "t", "t", "t", "t", "t", "t", "t", "t", "t", "t", "t", "t", "t", "t", "t", "t", "t", "t", "t", "t", "t", "t", "t", "t", "t", "t", "t", "t", "t", "t", "t", "t", "t", "t", "t", "t", "t", "t", "t", "t", "t", "t"]}