{"initial_reset_timestamp": 1606319950.7478576, "timestamps": [1606319966.5142906, 1606319976.8804402, 1606319977.8761206, 1606319979.716235, 1606319982.280166, 1606319984.1864398, 1606319986.1048818, 1606319986.249179, 1606319988.958854, 1606319992.7256367, 1606319992.862081, 1606319996.139616, 1606319996.741848, 1606319997.4882061, 1606319997.8645265, 1606319998.5461574, 1606320000.696455, 1606320002.3203833, 1606320002.54939, 1606320002.8268332, 1606320003.062584, 1606320003.16668, 1606320004.0598984, 1606320005.082581, 1606320005.374439, 1606320006.3168962, 1606320007.6293576, 1606320008.9967518, 1606320010.721586, 1606320012.240709, 1606320012.3284528, 1606320014.6715806, 1606320016.9933324, 1606320017.1364188, 1606320017.2838893, 1606320017.8909886, 1606320019.1310253, 1606320019.9679594, 1606320021.1039863, 1606320021.2855673, 1606320023.1457508, 1606320023.3537502, 1606320023.4305937, 1606320023.6393075, 1606320024.9146035, 1606320025.0847132, 1606320025.3083942, 1606320026.1123273, 1606320026.2846725, 1606320026.7996256, 1606320027.952332, 1606320028.9607377, 1606320030.1284437, 1606320032.02338, 1606320033.41703, 1606320034.011815, 1606320034.306565, 1606320035.223408, 1606320035.7537951, 1606320036.4351068, 1606320037.3012009], "episode_lengths": [50, 127, 11, 48, 82, 128, 146, 18, 131, 136, 17, 242, 75, 118, 70, 106, 324, 223, 46, 43, 20, 12, 93, 108, 37, 78, 74, 106, 124, 110, 13, 241, 313, 28, 27, 92, 211, 137, 169, 35, 308, 13, 15, 41, 190, 33, 43, 130, 33, 75, 179, 133, 93, 232, 176, 56, 40, 57, 84, 96, 101], "episode_rewards": [0.0, 0.0, 0.0, 0.0, 0.0, 0.0, 0.5944444444444444, 0.0, 0.0, 0.0, 0.0, 0.0, 0.0, 0.0, 0.0, 0.0, 0.0, 0.0, 0.0, 0.0, 0.0, 0.0, 0.0, 0.0, 0.0, 0.0, 0.0, 0.0, 0.0, 0.0, 0.0, 0.0, 0.0, 0.0, 0.0, 0.0, 0.0, 0.0, 0.0, 0.0, 0.0, 0.0, 0.0, 0.0, 0.0, 0.0, 0.0, 0.0, 0.0, 0.0, 0.0, 0.0, 0.0, 0.0, 0.0, 0.0, 0.0, 0.0, 0.0, 0.0, 0.0], "episode_types": ["t", "t", "t", "t", "t", "t", "t", "t", "t", "t", "t", "t", "t", "t", "t", "t", "t", "t", "t", "t", "t", "t", "t", "t", "t", "t", "t", "t", "t", "t", "t", "t", "t", "t", "t", "t", "t", "t", "t", "t", "t", "t", "t", "t", "t", "t", "t", "t", "t", "t", "t", "t", "t", "t", "t", "t", "t", "t", "t", "t", "t", "t"]}