{"initial_reset_timestamp": 1606319950.7324607, "timestamps": [1606319961.429311, 1606319969.9175038, 1606319973.4329855, 1606319975.060154, 1606319977.8420477, 1606319980.2682056, 1606319983.4832292, 1606319988.4731643, 1606319989.1163049, 1606319991.9999058, 1606319992.802053, 1606319993.5165074, 1606319995.4736319, 1606319995.817637, 1606319996.9483402, 1606319997.5311792, 1606319998.043787, 1606319998.331127, 1606319998.4707863, 1606320000.1962743, 1606320000.8661542, 1606320001.5839078, 1606320001.6632445, 1606320002.4876466, 1606320002.624252, 1606320003.5159059, 1606320003.767578, 1606320005.2547126, 1606320006.333011, 1606320007.9452116, 1606320009.0309575, 1606320011.8118758, 1606320013.8307393, 1606320014.6064708, 1606320016.5246437, 1606320016.947361, 1606320018.234545, 1606320018.7491012, 1606320019.3546524, 1606320019.6280572, 1606320019.80313, 1606320021.0633743, 1606320021.278423, 1606320022.1192217, 1606320022.7669585, 1606320022.9968581, 1606320023.4795103, 1606320025.0421581, 1606320025.1416328, 1606320025.5296779, 1606320025.8946736, 1606320026.1691446, 1606320026.6644993, 1606320028.86347, 1606320030.1689608, 1606320030.8917315, 1606320031.1474214, 1606320031.5159628, 1606320033.0099893, 1606320035.573052, 1606320035.9372685, 1606320036.1565306, 1606320036.6344013, 1606320037.9578469], "episode_lengths": [31, 57, 40, 14, 43, 63, 154, 316, 37, 97, 36, 54, 90, 42, 178, 85, 71, 56, 27, 270, 90, 97, 14, 124, 26, 91, 32, 163, 93, 96, 84, 184, 211, 82, 258, 55, 222, 73, 89, 54, 34, 193, 42, 137, 99, 44, 67, 246, 19, 75, 45, 53, 71, 324, 115, 83, 35, 49, 180, 264, 61, 16, 79, 147], "episode_rewards": [0.0, 0.0, 0.0, 0.0, 0.0, 0.0, 0.0, 0.0, 0.0, 0.0, 0.0, 0.0, 0.0, 0.0, 0.0, 0.0, 0.0, 0.0, 0.0, 0.25, 0.0, 0.0, 0.0, 0.0, 0.0, 0.0, 0.0, 0.0, 0.0, 0.0, 0.0, 0.0, 0.0, 0.0, 0.0, 0.0, 0.0, 0.0, 0.0, 0.0, 0.0, 0.0, 0.0, 0.0, 0.0, 0.0, 0.0, 0.0, 0.0, 0.0, 0.0, 0.0, 0.0, 0.0, 0.0, 0.0, 0.0, 0.0, 0.0, 0.0, 0.0, 0.0, 0.0, 0.0], "episode_types": ["t", "t", "t", "t", "t", "t", "t", "t", "t", "t", "t", "t", "t", "t", "t", "t", "t", "t", "t", "t", "t", "t", "t", "t", "t", "t", "t", "t", "t", "t", "t", "t", "t", "t", "t", "t", "t", "t", "t", "t", "t", "t", "t", "t", "t", "t", "t", "t", "t", "t", "t", "t", "t", "t", "t", "t", "t", "t", "t", "t", "t", "t", "t", "t", "t"]}