{"initial_reset_timestamp": 1606319950.7325509, "timestamps": [1606319954.2903783, 1606319966.4769447, 1606319972.8799214, 1606319978.012156, 1606319981.6087208, 1606319982.1222036, 1606319982.2799613, 1606319984.308322, 1606319985.8697884, 1606319986.207703, 1606319987.0449173, 1606319988.555997, 1606319992.6343727, 1606319993.4521763, 1606319996.1655285, 1606319997.547755, 1606319997.7884274, 1606319998.4709067, 1606319998.528822, 1606319999.105404, 1606319999.400521, 1606319999.4999802, 1606319999.8449478, 1606320000.0131218, 1606320000.3040857, 1606320000.6299446, 1606320000.755365, 1606320001.8082314, 1606320002.6966996, 1606320003.1244206, 1606320004.181781, 1606320005.1085865, 1606320007.9881284, 1606320010.2530906, 1606320010.6402202, 1606320011.7567468, 1606320013.3052762, 1606320013.8070362, 1606320014.375908, 1606320016.6510358, 1606320018.229211, 1606320019.1005392, 1606320019.9566586, 1606320020.285905, 1606320020.5666883, 1606320021.2622108, 1606320021.8309767, 1606320021.9034288, 1606320023.5997217, 1606320023.9565096, 1606320024.9646344, 1606320025.078382, 1606320025.3438492, 1606320025.7661803, 1606320027.1175919, 1606320027.5020723, 1606320028.3362124, 1606320028.458596, 1606320029.3054807, 1606320032.0863128, 1606320032.5151758, 1606320032.8588064, 1606320033.1708302, 1606320033.5169063, 1606320034.50494, 1606320036.6755686], "episode_lengths": [1, 48, 70, 78, 88, 12, 21, 152, 103, 32, 34, 83, 150, 62, 207, 199, 46, 105, 11, 83, 54, 18, 38, 31, 55, 36, 23, 146, 140, 41, 118, 93, 214, 151, 39, 65, 160, 55, 59, 309, 252, 140, 141, 38, 54, 110, 84, 14, 276, 65, 141, 23, 51, 55, 237, 50, 107, 24, 100, 305, 55, 34, 49, 41, 115, 247], "episode_rewards": [0.0, 0.0, 0.0, 0.0, 0.0, 0.0, 0.0, 0.0, 0.0, 0.0, 0.0, 0.0, 0.0, 0.0, 0.0, 0.0, 0.0, 0.0, 0.0, 0.0, 0.0, 0.0, 0.0, 0.0, 0.0, 0.0, 0.0, 0.0, 0.0, 0.0, 0.0, 0.0, 0.0, 0.0, 0.0, 0.0, 0.0, 0.0, 0.0, 0.0, 0.0, 0.0, 0.0, 0.0, 0.0, 0.0, 0.0, 0.0, 0.0, 0.0, 0.0, 0.0, 0.0, 0.0, 0.0, 0.0, 0.0, 0.0, 0.0, 0.0, 0.0, 0.0, 0.0, 0.0, 0.0, 0.0], "episode_types": ["t", "t", "t", "t", "t", "t", "t", "t", "t", "t", "t", "t", "t", "t", "t", "t", "t", "t", "t", "t", "t", "t", "t", "t", "t", "t", "t", "t", "t", "t", "t", "t", "t", "t", "t", "t", "t", "t", "t", "t", "t", "t", "t", "t", "t", "t", "t", "t", "t", "t", "t", "t", "t", "t", "t", "t", "t", "t", "t", "t", "t", "t", "t", "t", "t", "t", "t"]}