{"initial_reset_timestamp": 1606319950.7480655, "timestamps": [1606319956.6721227, 1606319979.8199234, 1606319985.8563464, 1606319988.1888788, 1606319989.8789349, 1606319989.9790926, 1606319992.016175, 1606319993.6322935, 1606319995.108355, 1606319996.6268718, 1606319997.3886404, 1606319997.4639885, 1606319997.6241603, 1606319997.6961966, 1606319998.910024, 1606319999.3726256, 1606320000.1720479, 1606320001.1025045, 1606320002.4738035, 1606320002.657486, 1606320003.118849, 1606320003.496566, 1606320003.8416164, 1606320004.2583096, 1606320005.2255757, 1606320005.532106, 1606320008.1990895, 1606320008.536412, 1606320009.1100438, 1606320010.043442, 1606320011.7843623, 1606320013.7809315, 1606320014.02194, 1606320014.6867523, 1606320015.3611975, 1606320016.244973, 1606320016.7618818, 1606320017.003724, 1606320017.059413, 1606320017.2945306, 1606320018.02199, 1606320018.927211, 1606320019.143148, 1606320020.3249006, 1606320021.508922, 1606320022.2007546, 1606320022.9389267, 1606320023.945838, 1606320024.3550093, 1606320024.5507555, 1606320025.0803607, 1606320027.0150044, 1606320027.5030758, 1606320028.0029674, 1606320028.5034206, 1606320029.1994612, 1606320031.0220013, 1606320031.4140067, 1606320031.4904146, 1606320031.9624941, 1606320032.1762664, 1606320032.8356385, 1606320033.1097987, 1606320033.332413, 1606320033.4855723, 1606320033.8587828, 1606320034.3959851, 1606320035.9588494, 1606320036.3171463, 1606320036.8966541, 1606320037.255479, 1606320038.085874], "episode_lengths": [8, 239, 324, 120, 79, 9, 75, 94, 57, 184, 121, 15, 30, 14, 177, 88, 122, 134, 193, 35, 48, 34, 38, 59, 97, 31, 181, 31, 44, 45, 125, 207, 16, 85, 75, 117, 101, 20, 11, 44, 115, 146, 42, 178, 205, 107, 117, 165, 53, 38, 75, 324, 69, 76, 63, 77, 187, 54, 8, 52, 33, 71, 43, 35, 13, 25, 75, 166, 44, 87, 20, 97], "episode_rewards": [0.0, 0.0, 0.0, 0.0, 0.0, 0.0, 0.0, 0.0, 0.0, 0.0, 0.0, 0.0, 0.0, 0.0, 0.0, 0.0, 0.0, 0.0, 0.0, 0.0, 0.0, 0.0, 0.0, 0.0, 0.0, 0.0, 0.0, 0.0, 0.0, 0.0, 0.0, 0.0, 0.0, 0.0, 0.0, 0.0, 0.0, 0.0, 0.0, 0.0, 0.0, 0.0, 0.0, 0.0, 0.0, 0.0, 0.0, 0.0, 0.0, 0.0, 0.0, 0.0, 0.0, 0.0, 0.0, 0.0, 0.0, 0.0, 0.0, 0.0, 0.0, 0.0, 0.0, 0.0, 0.0, 0.0, 0.0, 0.0, 0.0, 0.0, 0.0, 0.0], "episode_types": ["t", "t", "t", "t", "t", "t", "t", "t", "t", "t", "t", "t", "t", "t", "t", "t", "t", "t", "t", "t", "t", "t", "t", "t", "t", "t", "t", "t", "t", "t", "t", "t", "t", "t", "t", "t", "t", "t", "t", "t", "t", "t", "t", "t", "t", "t", "t", "t", "t", "t", "t", "t", "t", "t", "t", "t", "t", "t", "t", "t", "t", "t", "t", "t", "t", "t", "t", "t", "t", "t", "t", "t", "t"]}