{"initial_reset_timestamp": 1606319950.771756, "timestamps": [1606319965.9795396, 1606319972.9337418, 1606319982.329261, 1606319984.4266243, 1606319984.9195156, 1606319985.970788, 1606319988.7707362, 1606319990.0284762, 1606319990.2133632, 1606319994.9207137, 1606319996.026145, 1606319996.6023765, 1606319996.9611287, 1606319998.3490577, 1606319998.4365227, 1606319999.4681947, 1606319999.7201872, 1606320000.0451558, 1606320000.6527872, 1606320001.174707, 1606320002.0444176, 1606320002.5734031, 1606320003.5886083, 1606320005.368625, 1606320005.9865966, 1606320009.9812431, 1606320010.5752175, 1606320013.5621269, 1606320014.7709591, 1606320017.119879, 1606320017.9331, 1606320018.9019895, 1606320018.9881458, 1606320019.4330237, 1606320019.654927, 1606320019.7548556, 1606320020.1767716, 1606320020.2932305, 1606320020.3967733, 1606320021.9880185, 1606320022.2872293, 1606320022.3452268, 1606320023.431449, 1606320023.951481, 1606320024.295121, 1606320024.7051544, 1606320024.9155948, 1606320025.0857434, 1606320025.309022, 1606320026.630636, 1606320027.059468, 1606320027.4382372, 1606320028.31707, 1606320030.3172607, 1606320031.156019, 1606320032.0684667, 1606320032.163863, 1606320033.4164345, 1606320034.3071473, 1606320035.4885812, 1606320035.764685, 1606320035.8487568, 1606320037.3845167, 1606320037.4263291], "episode_lengths": [48, 74, 202, 157, 55, 45, 151, 53, 13, 197, 119, 70, 70, 213, 17, 167, 21, 60, 89, 81, 124, 76, 108, 200, 57, 251, 62, 251, 140, 324, 130, 159, 16, 60, 44, 20, 55, 23, 20, 257, 58, 11, 157, 98, 41, 78, 14, 33, 43, 205, 83, 48, 116, 227, 91, 112, 15, 154, 96, 101, 42, 16, 191, 6], "episode_rewards": [0.0, 0.0, 0.0, 0.0, 0.0, 0.0, 0.0, 0.0, 0.0, 0.0, 0.0, 0.0, 0.0, 0.0, 0.0, 0.0, 0.0, 0.0, 0.0, 0.0, 0.0, 0.0, 0.0, 0.0, 0.0, 0.0, 0.0, 0.0, 0.0, 0.0, 0.0, 0.0, 0.0, 0.0, 0.0, 0.0, 0.0, 0.0, 0.0, 0.0, 0.0, 0.0, 0.0, 0.0, 0.0, 0.0, 0.0, 0.0, 0.0, 0.0, 0.0, 0.0, 0.0, 0.0, 0.0, 0.0, 0.0, 0.0, 0.0, 0.0, 0.0, 0.0, 0.0, 0.0], "episode_types": ["t", "t", "t", "t", "t", "t", "t", "t", "t", "t", "t", "t", "t", "t", "t", "t", "t", "t", "t", "t", "t", "t", "t", "t", "t", "t", "t", "t", "t", "t", "t", "t", "t", "t", "t", "t", "t", "t", "t", "t", "t", "t", "t", "t", "t", "t", "t", "t", "t", "t", "t", "t", "t", "t", "t", "t", "t", "t", "t", "t", "t", "t", "t", "t", "t"]}