{"initial_reset_timestamp": 1606319950.7637694, "timestamps": [1606319971.6318057, 1606319975.2539499, 1606319976.7729192, 1606319979.699982, 1606319980.508121, 1606319981.073851, 1606319984.5695674, 1606319985.1010613, 1606319986.4277174, 1606319987.3682923, 1606319988.245877, 1606319988.7068799, 1606319990.0868661, 1606319990.8674188, 1606319990.9599802, 1606319993.0215366, 1606319993.7757466, 1606319994.377481, 1606319995.8832204, 1606319996.172055, 1606319997.5382485, 1606319998.132218, 1606320000.1275258, 1606320000.9334106, 1606320001.614715, 1606320002.698615, 1606320002.9780362, 1606320004.000539, 1606320005.2860956, 1606320009.1022632, 1606320013.284074, 1606320013.7431498, 1606320014.6316378, 1606320015.5446246, 1606320017.7279966, 1606320017.939457, 1606320018.1371682, 1606320019.5645967, 1606320020.3142867, 1606320020.5300171, 1606320021.2219758, 1606320021.7313325, 1606320023.6180608, 1606320024.2222703, 1606320025.1064577, 1606320025.557179, 1606320025.9175386, 1606320026.1987138, 1606320026.8733408, 1606320027.5037594, 1606320028.0816677, 1606320028.2805514, 1606320028.4478142, 1606320030.9209967, 1606320033.5055046, 1606320034.0718803, 1606320034.138564, 1606320035.3466089, 1606320035.855347, 1606320037.7425041, 1606320037.7947977, 1606320038.0716891], "episode_lengths": [102, 53, 14, 65, 23, 14, 234, 44, 65, 40, 44, 32, 56, 32, 12, 67, 63, 20, 107, 55, 196, 86, 324, 114, 91, 173, 30, 104, 139, 281, 324, 48, 99, 109, 324, 42, 38, 222, 120, 42, 109, 72, 313, 87, 144, 87, 44, 54, 106, 97, 85, 11, 33, 260, 324, 55, 11, 96, 83, 229, 7, 30], "episode_rewards": [0.0, 0.0, 0.0, 0.0, 0.0, 0.0, 0.0, 0.0, 0.0, 0.0, 0.0, 0.0, 0.0, 0.0, 0.0, 0.0, 0.0, 0.0, 0.0, 0.0, 0.0, 0.7611111111111111, 0.0, 0.0, 0.0, 0.0, 0.0, 0.0, 0.0, 0.0, 0.0, 0.0, 0.0, 0.0, 0.0, 0.0, 0.0, 0.0, 0.0, 0.0, 0.0, 0.0, 0.0, 0.0, 0.0, 0.0, 0.0, 0.0, 0.0, 0.0, 0.0, 0.0, 0.0, 0.0, 0.0, 0.0, 0.0, 0.0, 0.0, 0.0, 0.0, 0.0], "episode_types": ["t", "t", "t", "t", "t", "t", "t", "t", "t", "t", "t", "t", "t", "t", "t", "t", "t", "t", "t", "t", "t", "t", "t", "t", "t", "t", "t", "t", "t", "t", "t", "t", "t", "t", "t", "t", "t", "t", "t", "t", "t", "t", "t", "t", "t", "t", "t", "t", "t", "t", "t", "t", "t", "t", "t", "t", "t", "t", "t", "t", "t", "t", "t"]}