{"initial_reset_timestamp": 1606319950.7478414, "timestamps": [1606319969.1940603, 1606319976.2552943, 1606319979.1320693, 1606319980.5674098, 1606319982.478251, 1606319983.1552184, 1606319984.900228, 1606319986.3527844, 1606319987.3051236, 1606319988.5382824, 1606319990.019612, 1606319990.9580765, 1606319992.8545003, 1606319993.4690363, 1606319994.8288486, 1606319995.9527113, 1606319996.6745424, 1606319997.5582988, 1606319997.755847, 1606319998.5963264, 1606319999.068919, 1606320000.7387047, 1606320000.932941, 1606320002.493356, 1606320002.6449494, 1606320003.396289, 1606320004.821217, 1606320008.3074725, 1606320008.4473257, 1606320010.3339314, 1606320011.9750574, 1606320012.417058, 1606320012.8167071, 1606320014.1672711, 1606320014.382842, 1606320015.3727229, 1606320016.5303006, 1606320018.3764875, 1606320018.6293433, 1606320018.9874122, 1606320019.5004697, 1606320021.1189215, 1606320021.8523552, 1606320022.2508004, 1606320022.5249689, 1606320022.760651, 1606320022.8769038, 1606320023.0670443, 1606320023.8484674, 1606320025.9380782, 1606320026.7367206, 1606320027.1417568, 1606320028.865461, 1606320030.1808467, 1606320031.1827343, 1606320031.2676091, 1606320031.7485363, 1606320032.7890358, 1606320033.0040226, 1606320035.037368, 1606320035.9007885, 1606320036.465846, 1606320036.5642169, 1606320036.809591, 1606320038.1396513], "episode_lengths": [77, 85, 58, 42, 73, 38, 160, 80, 36, 71, 64, 46, 63, 43, 47, 117, 98, 144, 38, 134, 64, 259, 25, 225, 29, 70, 163, 264, 14, 125, 125, 52, 30, 130, 33, 114, 171, 303, 22, 68, 73, 264, 116, 77, 26, 47, 22, 37, 122, 324, 130, 78, 232, 117, 121, 12, 46, 130, 35, 198, 121, 73, 16, 47, 130], "episode_rewards": [0.0, 0.0, 0.0, 0.0, 0.0, 0.0, 0.0, 0.0, 0.0, 0.0, 0.0, 0.0, 0.0, 0.0, 0.0, 0.0, 0.0, 0.0, 0.0, 0.0, 0.0, 0.0, 0.0, 0.0, 0.0, 0.0, 0.0, 0.0, 0.0, 0.0, 0.0, 0.0, 0.0, 0.0, 0.0, 0.0, 0.0, 0.0, 0.0, 0.0, 0.0, 0.0, 0.0, 0.0, 0.0, 0.0, 0.0, 0.0, 0.0, 0.0, 0.0, 0.0, 0.0, 0.0, 0.0, 0.0, 0.0, 0.0, 0.0, 0.0, 0.0, 0.0, 0.0, 0.0, 0.0], "episode_types": ["t", "t", "t", "t", "t", "t", "t", "t", "t", "t", "t", "t", "t", "t", "t", "t", "t", "t", "t", "t", "t", "t", "t", "t", "t", "t", "t", "t", "t", "t", "t", "t", "t", "t", "t", "t", "t", "t", "t", "t", "t", "t", "t", "t", "t", "t", "t", "t", "t", "t", "t", "t", "t", "t", "t", "t", "t", "t", "t", "t", "t", "t", "t", "t", "t", "t"]}