{"initial_reset_timestamp": 1604956322.6793325, "timestamps": [1604956337.2220385, 1604956355.5487783, 1604956359.0588503, 1604956360.965085, 1604956362.4905908, 1604956365.9074283, 1604956366.5567772, 1604956369.484118, 1604956373.0695975, 1604956375.5158603, 1604956376.9567566, 1604956378.834611, 1604956380.050702, 1604956381.1267684, 1604956383.071302, 1604956385.088693, 1604956385.2071664, 1604956387.2377918, 1604956387.3010206, 1604956388.0877218, 1604956391.0742786, 1604956392.4150982, 1604956392.9755173, 1604956395.887136, 1604956396.4176586, 1604956399.6924868, 1604956401.6843514, 1604956403.1109896, 1604956406.109113], "episode_lengths": [52, 324, 280, 297, 162, 320, 61, 210, 324, 324, 237, 324, 187, 190, 310, 324, 18, 324, 13, 130, 318, 140, 68, 324, 65, 324, 211, 122, 324], "episode_rewards": [0.0, 0.0, 0.0, 0.0, 0.55, 0.11111111111111116, 0.0, 0.0, 0.0, 0.0, 0.0, 0.0, 0.0, 0.0, 0.0, 0.0, 0.0, 0.0, 0.0, 0.0, 0.0, 0.0, 0.0, 0.0, 0.0, 0.0, 0.0, 0.6611111111111111, 0.0], "episode_types": ["t", "t", "t", "t", "t", "t", "t", "t", "t", "t", "t", "t", "t", "t", "t", "t", "t", "t", "t", "t", "t", "t", "t", "t", "t", "t", "t", "t", "t", "t"]}