{"initial_reset_timestamp": 1604956322.679313, "timestamps": [1604956340.8001842, 1604956344.5341587, 1604956355.6205916, 1604956357.1653016, 1604956359.0691717, 1604956360.7420824, 1604956363.2309368, 1604956363.9127972, 1604956365.0899358, 1604956365.9410293, 1604956368.624038, 1604956372.496016, 1604956375.0839477, 1604956375.8077934, 1604956376.9427736, 1604956378.8194048, 1604956380.8454466, 1604956382.72709, 1604956383.2863338, 1604956383.9366348, 1604956385.972764, 1604956386.5176113, 1604956388.5490663, 1604956390.1091127, 1604956392.888951, 1604956395.8077726, 1604956396.0301576, 1604956396.7589936, 1604956399.7766786, 1604956401.17715, 1604956402.5735106, 1604956405.2470286], "episode_lengths": [93, 41, 248, 109, 167, 270, 244, 82, 125, 60, 223, 306, 324, 120, 176, 324, 324, 324, 85, 102, 324, 82, 324, 141, 307, 324, 35, 85, 292, 137, 141, 324], "episode_rewards": [0.0, 0.0, 0.0, 0.0, 0.0, 0.0, 0.0, 0.0, 0.0, 0.0, 0.0, 0.0, 0.0, 0.0, 0.0, 0.0, 0.0, 0.0, 0.0, 0.0, 0.0, 0.0, 0.0, 0.0, 0.0, 0.0, 0.0, 0.0, 0.0, 0.0, 0.0, 0.0], "episode_types": ["t", "t", "t", "t", "t", "t", "t", "t", "t", "t", "t", "t", "t", "t", "t", "t", "t", "t", "t", "t", "t", "t", "t", "t", "t", "t", "t", "t", "t", "t", "t", "t", "t"]}