{"initial_reset_timestamp": 1604956322.679371, "timestamps": [1604956338.2565277, 1604956340.1344085, 1604956356.3986328, 1604956357.2637765, 1604956358.13731, 1604956359.1206455, 1604956361.3164918, 1604956364.5157304, 1604956366.824716, 1604956371.0797405, 1604956372.7645812, 1604956374.9318907, 1604956375.3844461, 1604956376.218623, 1604956377.315542, 1604956379.3345833, 1604956379.5917742, 1604956380.1140935, 1604956381.985883, 1604956383.242886, 1604956383.8524435, 1604956385.549711, 1604956387.0682187, 1604956387.42993, 1604956390.2320027, 1604956391.3487012, 1604956394.2834303, 1604956397.1238682, 1604956397.6695323, 1604956401.121318, 1604956402.5280433, 1604956405.2067568, 1604956406.557934], "episode_lengths": [57, 24, 324, 99, 41, 124, 324, 324, 200, 324, 156, 264, 65, 142, 196, 324, 51, 76, 324, 198, 93, 257, 247, 73, 324, 120, 324, 324, 68, 324, 142, 324, 120], "episode_rewards": [0.0, 0.0, 0.0, 0.0, 0.0, 0.0, 0.0, 0.0, 0.0, 0.0, 0.0, 0.0, 0.0, 0.0, 0.0, 0.0, 0.0, 0.0, 0.0, 0.0, 0.0, 0.0, 0.0, 0.0, 0.0, 0.0, 0.0, 0.0, 0.0, 0.0, 0.0, 0.0, 0.0], "episode_types": ["t", "t", "t", "t", "t", "t", "t", "t", "t", "t", "t", "t", "t", "t", "t", "t", "t", "t", "t", "t", "t", "t", "t", "t", "t", "t", "t", "t", "t", "t", "t", "t", "t", "t"]}