{"initial_reset_timestamp": 1604956322.7038844, "timestamps": [1604956353.7524269, 1604956356.7251625, 1604956358.030208, 1604956359.4429274, 1604956359.8945248, 1604956362.7217016, 1604956365.3904884, 1604956366.9235344, 1604956370.9780517, 1604956373.5708165, 1604956375.7621243, 1604956377.7655687, 1604956379.6559913, 1604956380.999696, 1604956381.7850444, 1604956382.8406112, 1604956384.9759905, 1604956386.0328758, 1604956388.0635219, 1604956391.0816464, 1604956392.7094803, 1604956394.0013132, 1604956396.603758, 1604956397.427672, 1604956400.8594987, 1604956404.0286903, 1604956404.8302815], "episode_lengths": [300, 143, 87, 205, 65, 324, 279, 118, 310, 248, 324, 324, 324, 216, 131, 184, 324, 176, 324, 324, 172, 136, 310, 91, 324, 324, 121], "episode_rewards": [0.0, 0.0, 0.0, 0.43055555555555547, 0.0, 0.0, 0.0, 0.0, 0.0, 0.0, 0.0, 0.0, 0.0, 0.0, 0.0, 0.0, 0.0, 0.0, 0.0, 0.0, 0.0, 0.0, 0.0, 0.0, 0.0, 0.0, 0.0], "episode_types": ["t", "t", "t", "t", "t", "t", "t", "t", "t", "t", "t", "t", "t", "t", "t", "t", "t", "t", "t", "t", "t", "t", "t", "t", "t", "t", "t", "t"]}