{"initial_reset_timestamp": 1604956322.6919112, "timestamps": [1604956349.4146245, 1604956354.290342, 1604956358.4416468, 1604956360.643003, 1604956361.3330836, 1604956362.8992486, 1604956363.5980406, 1604956364.6010401, 1604956365.7904274, 1604956369.0587654, 1604956370.606314, 1604956373.8872988, 1604956376.111592, 1604956377.7755706, 1604956378.6297643, 1604956380.1192312, 1604956381.9920416, 1604956382.6158266, 1604956383.508085, 1604956384.1568305, 1604956385.6174371, 1604956386.009845, 1604956386.2718163, 1604956388.1669862, 1604956390.5895522, 1604956392.5636647, 1604956393.8721192, 1604956394.1917503, 1604956395.5029917, 1604956396.123738, 1604956397.840412, 1604956398.0905411, 1604956398.2326264, 1604956400.1326063, 1604956402.5209358, 1604956403.3149328, 1604956406.1284251], "episode_lengths": [198, 108, 282, 324, 83, 152, 69, 106, 107, 258, 111, 324, 324, 283, 146, 241, 324, 98, 151, 101, 211, 77, 25, 324, 245, 219, 135, 40, 164, 61, 201, 16, 21, 168, 235, 54, 324], "episode_rewards": [0.0, 0.0, 0.21666666666666667, 0.0, 0.0, 0.0, 0.0, 0.0, 0.0, 0.0, 0.0, 0.0, 0.0, 0.0, 0.0, 0.0, 0.0, 0.0, 0.0, 0.0, 0.0, 0.7861111111111111, 0.0, 0.0, 0.0, 0.0, 0.0, 0.0, 0.0, 0.0, 0.0, 0.0, 0.0, 0.0, 0.0, 0.0, 0.0], "episode_types": ["t", "t", "t", "t", "t", "t", "t", "t", "t", "t", "t", "t", "t", "t", "t", "t", "t", "t", "t", "t", "t", "t", "t", "t", "t", "t", "t", "t", "t", "t", "t", "t", "t", "t", "t", "t", "t", "t"]}