{"initial_reset_timestamp": 1604956322.6792507, "timestamps": [1604956337.7536032, 1604956348.7990131, 1604956357.2023947, 1604956358.0494802, 1604956359.0438805, 1604956359.9560707, 1604956360.3056343, 1604956360.7863097, 1604956361.4009895, 1604956361.8503418, 1604956362.4096525, 1604956363.7734036, 1604956364.6918132, 1604956366.3074014, 1604956367.7713385, 1604956368.5260475, 1604956371.0794117, 1604956372.086577, 1604956373.4021318, 1604956375.6395156, 1604956376.3625493, 1604956377.1903617, 1604956379.1664953, 1604956381.0348039, 1604956383.0520945, 1604956383.4667325, 1604956384.3122299, 1604956385.1480682, 1604956386.5962217, 1604956387.1164846, 1604956387.9752412, 1604956390.9653184, 1604956393.9860172, 1604956396.0043461, 1604956399.1154323, 1604956401.347334, 1604956401.571025, 1604956402.8847268, 1604956405.4789946], "episode_lengths": [55, 136, 305, 37, 120, 160, 70, 53, 68, 35, 65, 129, 95, 146, 113, 70, 184, 85, 129, 324, 119, 141, 315, 320, 324, 83, 140, 115, 232, 76, 144, 324, 324, 244, 324, 215, 28, 106, 324], "episode_rewards": [0.0, 0.0, 0.0, 0.0, 0.0, 0.0, 0.0, 0.0, 0.0, 0.0, 0.0, 0.0, 0.0, 0.0, 0.0, 0.0, 0.0, 0.0, 0.0, 0.0, 0.0, 0.6083333333333334, 0.0, 0.11111111111111116, 0.0, 0.0, 0.0, 0.0, 0.0, 0.0, 0.0, 0.0, 0.0, 0.0, 0.0, 0.0, 0.0, 0.0, 0.0], "episode_types": ["t", "t", "t", "t", "t", "t", "t", "t", "t", "t", "t", "t", "t", "t", "t", "t", "t", "t", "t", "t", "t", "t", "t", "t", "t", "t", "t", "t", "t", "t", "t", "t", "t", "t", "t", "t", "t", "t", "t", "t"]}