{"initial_reset_timestamp": 1604956322.679333, "timestamps": [1604956336.5538375, 1604956351.5812864, 1604956358.129348, 1604956360.1183207, 1604956362.2422857, 1604956365.4532657, 1604956369.7385705, 1604956370.878777, 1604956374.0925887, 1604956374.7058468, 1604956375.067637, 1604956375.4087121, 1604956376.873988, 1604956378.7109892, 1604956379.156088, 1604956380.161075, 1604956380.9519296, 1604956382.8390052, 1604956383.7888494, 1604956385.8202038, 1604956387.611884, 1604956390.5432796, 1604956391.5606802, 1604956394.5013616, 1604956395.2107625, 1604956398.0757778, 1604956398.936828, 1604956402.3377655, 1604956403.3294923, 1604956406.140824], "episode_lengths": [50, 170, 324, 301, 236, 324, 324, 97, 324, 66, 73, 42, 243, 317, 61, 173, 133, 324, 135, 324, 301, 324, 109, 324, 83, 324, 81, 324, 77, 324], "episode_rewards": [0.0, 0.0, 0.0, 0.0, 0.0, 0.0, 0.0, 0.0, 0.0, 0.0, 0.0, 0.0, 0.0, 0.11944444444444446, 0.0, 0.0, 0.0, 0.0, 0.0, 0.0, 0.0, 0.0, 0.0, 0.0, 0.0, 0.0, 0.0, 0.0, 0.0, 0.0], "episode_types": ["t", "t", "t", "t", "t", "t", "t", "t", "t", "t", "t", "t", "t", "t", "t", "t", "t", "t", "t", "t", "t", "t", "t", "t", "t", "t", "t", "t", "t", "t", "t"]}