{"initial_reset_timestamp": 1604956322.6792607, "timestamps": [1604956345.0110912, 1604956350.5154157, 1604956358.041911, 1604956359.8988004, 1604956362.7283669, 1604956364.054297, 1604956364.9191866, 1604956365.8274605, 1604956367.714449, 1604956370.2225525, 1604956371.3023481, 1604956374.5046647, 1604956376.417648, 1604956378.425995, 1604956380.194938, 1604956380.9368517, 1604956382.8238747, 1604956384.9560041, 1604956387.0314574, 1604956387.2185278, 1604956389.0561402, 1604956392.18614, 1604956394.90801, 1604956395.1024237, 1604956395.2290628, 1604956395.815043, 1604956396.2586274, 1604956397.1970916, 1604956398.7195776, 1604956399.9438496, 1604956401.966624, 1604956404.8168924], "episode_lengths": [137, 71, 324, 269, 324, 143, 88, 75, 154, 186, 90, 324, 324, 324, 299, 123, 324, 324, 324, 37, 267, 324, 283, 26, 21, 65, 61, 96, 150, 125, 200, 324], "episode_rewards": [0.0, 0.0, 0.0, 0.25277777777777777, 0.0, 0.0, 0.0, 0.0, 0.0, 0.0, 0.0, 0.0, 0.0, 0.0, 0.0, 0.6583333333333333, 0.0, 0.0, 0.0, 0.0, 0.0, 0.0, 0.0, 0.0, 0.0, 0.0, 0.0, 0.0, 0.0, 0.6527777777777778, 0.0, 0.0], "episode_types": ["t", "t", "t", "t", "t", "t", "t", "t", "t", "t", "t", "t", "t", "t", "t", "t", "t", "t", "t", "t", "t", "t", "t", "t", "t", "t", "t", "t", "t", "t", "t", "t", "t"]}