{"initial_reset_timestamp": 1604956322.6921341, "timestamps": [1604956346.8589745, 1604956351.0071094, 1604956354.8566768, 1604956357.0107446, 1604956358.5306795, 1604956360.7196984, 1604956363.4072447, 1604956366.7618074, 1604956369.1770115, 1604956372.9872293, 1604956373.9763, 1604956375.3793962, 1604956375.8634505, 1604956377.8619401, 1604956379.7604485, 1604956381.0872164, 1604956382.2137113, 1604956383.2768986, 1604956385.0614705, 1604956387.1246424, 1604956387.4933927, 1604956387.962092, 1604956390.6905336, 1604956391.677488, 1604956394.6191292, 1604956397.4352324, 1604956399.2109, 1604956402.5831578, 1604956404.0077596, 1604956404.471066, 1604956406.3292184], "episode_lengths": [162, 51, 103, 155, 129, 324, 267, 324, 183, 324, 112, 191, 98, 324, 324, 213, 173, 186, 278, 324, 74, 66, 298, 109, 324, 324, 176, 324, 143, 66, 192], "episode_rewards": [0.0, 0.0, 0.0, 0.0, 0.0, 0.0, 0.0, 0.0, 0.0, 0.0, 0.0, 0.0, 0.0, 0.0, 0.0, 0.0, 0.0, 0.0, 0.0, 0.0, 0.0, 0.0, 0.0, 0.0, 0.0, 0.0, 0.0, 0.0, 0.6027777777777777, 0.0, 0.0], "episode_types": ["t", "t", "t", "t", "t", "t", "t", "t", "t", "t", "t", "t", "t", "t", "t", "t", "t", "t", "t", "t", "t", "t", "t", "t", "t", "t", "t", "t", "t", "t", "t", "t"]}