{"initial_reset_timestamp": 1604956322.7038991, "timestamps": [1604956332.0349061, 1604956346.1144702, 1604956354.8763282, 1604956357.0108275, 1604956357.982287, 1604956358.989544, 1604956359.5605094, 1604956360.5632958, 1604956363.7382586, 1604956367.44615, 1604956370.2251384, 1604956370.8456955, 1604956374.064286, 1604956374.680976, 1604956375.5283031, 1604956375.874554, 1604956377.734699, 1604956379.6241922, 1604956381.6436062, 1604956381.947155, 1604956382.8145323, 1604956384.0303857, 1604956384.3885665, 1604956386.4964857, 1604956387.2042255, 1604956387.5926902, 1604956390.465898, 1604956390.7947335, 1604956393.8248937, 1604956394.804333, 1604956397.5315635, 1604956398.5656438, 1604956401.8502998, 1604956403.0081642, 1604956405.5944648], "episode_lengths": [21, 124, 173, 153, 52, 124, 112, 148, 324, 324, 216, 51, 324, 65, 145, 69, 296, 324, 324, 62, 146, 188, 60, 324, 112, 77, 324, 35, 324, 102, 324, 104, 324, 94, 324], "episode_rewards": [0.0, 0.0, 0.0, 0.0, 0.0, 0.0, 0.0, 0.0, 0.0, 0.0, 0.0, 0.0, 0.0, 0.0, 0.0, 0.0, 0.0, 0.0, 0.0, 0.0, 0.0, 0.0, 0.0, 0.0, 0.0, 0.0, 0.0, 0.0, 0.0, 0.0, 0.0, 0.0, 0.0, 0.0, 0.0], "episode_types": ["t", "t", "t", "t", "t", "t", "t", "t", "t", "t", "t", "t", "t", "t", "t", "t", "t", "t", "t", "t", "t", "t", "t", "t", "t", "t", "t", "t", "t", "t", "t", "t", "t", "t", "t", "t"]}