{"initial_reset_timestamp": 1604956322.7038898, "timestamps": [1604956332.7512062, 1604956346.588503, 1604956357.0185282, 1604956359.8752177, 1604956360.883332, 1604956362.189382, 1604956364.752755, 1604956365.2241964, 1604956365.9435723, 1604956366.2401075, 1604956369.8967106, 1604956373.5085921, 1604956375.109099, 1604956376.4184654, 1604956376.5662787, 1604956376.963494, 1604956378.3585377, 1604956378.7703953, 1604956380.798005, 1604956381.5430608, 1604956383.4219801, 1604956385.5947711, 1604956385.6811295, 1604956386.807818, 1604956387.6533072, 1604956390.6052492, 1604956393.1333258, 1604956395.067346, 1604956396.1653066, 1604956399.3181243, 1604956401.0526366, 1604956402.2330925, 1604956402.9770808, 1604956404.2833424], "episode_lengths": [23, 125, 324, 324, 145, 135, 260, 52, 51, 26, 281, 324, 227, 212, 30, 53, 227, 83, 324, 122, 324, 324, 18, 196, 140, 324, 282, 205, 136, 324, 161, 116, 67, 173], "episode_rewards": [0.0, 0.0, 0.0, 0.0, 0.0, 0.625, 0.0, 0.0, 0.0, 0.0, 0.0, 0.0, 0.0, 0.0, 0.0, 0.0, 0.0, 0.0, 0.0, 0.0, 0.0, 0.0, 0.0, 0.0, 0.0, 0.0, 0.0, 0.0, 0.0, 0.0, 0.0, 0.0, 0.0, 0.0], "episode_types": ["t", "t", "t", "t", "t", "t", "t", "t", "t", "t", "t", "t", "t", "t", "t", "t", "t", "t", "t", "t", "t", "t", "t", "t", "t", "t", "t", "t", "t", "t", "t", "t", "t", "t", "t"]}