{"initial_reset_timestamp": 1604956322.7038987, "timestamps": [1604956329.8434725, 1604956354.7969446, 1604956356.5570107, 1604956357.144645, 1604956359.938044, 1604956362.795496, 1604956363.35709, 1604956365.0932946, 1604956369.4206176, 1604956373.0485904, 1604956374.224858, 1604956375.665607, 1604956375.750892, 1604956377.7547035, 1604956378.9296956, 1604956380.7529862, 1604956382.6344202, 1604956384.381148, 1604956386.0053442, 1604956387.5670362, 1604956390.4338884, 1604956393.3824797, 1604956393.7176619, 1604956396.1067262, 1604956398.7930589, 1604956401.3327656, 1604956401.91148, 1604956403.5200977, 1604956406.3163896], "episode_lengths": [14, 298, 111, 65, 321, 324, 51, 195, 324, 324, 138, 219, 17, 324, 209, 283, 324, 283, 253, 256, 324, 324, 25, 282, 279, 250, 64, 134, 324], "episode_rewards": [0.0, 0.0, 0.0, 0.0, 0.0, 0.0, 0.0, 0.45833333333333326, 0.0, 0.0, 0.0, 0.0, 0.0, 0.0, 0.4194444444444444, 0.0, 0.0, 0.0, 0.0, 0.0, 0.0, 0.0, 0.0, 0.0, 0.22499999999999998, 0.0, 0.0, 0.0, 0.0], "episode_types": ["t", "t", "t", "t", "t", "t", "t", "t", "t", "t", "t", "t", "t", "t", "t", "t", "t", "t", "t", "t", "t", "t", "t", "t", "t", "t", "t", "t", "t", "t"]}