{"initial_reset_timestamp": 1604956322.703884, "timestamps": [1604956344.002864, 1604956351.5496187, 1604956358.1240869, 1604956360.228036, 1604956360.9668279, 1604956362.3676066, 1604956365.7341309, 1604956366.8525765, 1604956369.9159186, 1604956372.6997156, 1604956374.033522, 1604956376.209493, 1604956378.0799153, 1604956380.1097817, 1604956381.2174308, 1604956381.4663577, 1604956383.3419766, 1604956384.0051184, 1604956385.843043, 1604956387.8834827, 1604956388.7368317, 1604956389.076242, 1604956391.7359765, 1604956392.8920236, 1604956395.8104615, 1604956397.608833, 1604956398.572006, 1604956401.8585715, 1604956403.3742654, 1604956404.2141645, 1604956406.4698596], "episode_lengths": [132, 87, 324, 324, 86, 145, 324, 96, 230, 241, 153, 324, 324, 324, 195, 23, 324, 104, 285, 324, 115, 50, 266, 125, 324, 209, 94, 324, 118, 130, 239], "episode_rewards": [0.0, 0.0, 0.0, 0.0, 0.0, 0.0, 0.0, 0.0, 0.0, 0.0, 0.0, 0.0, 0.0, 0.0, 0.0, 0.0, 0.0, 0.7111111111111111, 0.0, 0.0, 0.0, 0.0, 0.0, 0.0, 0.0, 0.0, 0.0, 0.0, 0.0, 0.6388888888888888, 0.0], "episode_types": ["t", "t", "t", "t", "t", "t", "t", "t", "t", "t", "t", "t", "t", "t", "t", "t", "t", "t", "t", "t", "t", "t", "t", "t", "t", "t", "t", "t", "t", "t", "t", "t"]}