{"initial_reset_timestamp": 1604956322.6792762, "timestamps": [1604956334.190303, 1604956351.5377069, 1604956355.0665247, 1604956356.6647744, 1604956359.5657954, 1604956362.2622814, 1604956363.6355362, 1604956367.3087857, 1604956369.4170656, 1604956373.0453734, 1604956374.7749603, 1604956375.4136446, 1604956375.7146125, 1604956376.4772475, 1604956378.0357676, 1604956380.069717, 1604956380.7464247, 1604956382.2480464, 1604956384.1466079, 1604956384.398943, 1604956386.5073178, 1604956386.6604333, 1604956386.7905245, 1604956387.6218512, 1604956389.1052372, 1604956392.2419348, 1604956392.5699055, 1604956393.682252, 1604956396.4338977, 1604956398.7698722, 1604956400.2932148, 1604956403.0585403, 1604956406.064915], "episode_lengths": [35, 184, 109, 108, 324, 324, 137, 324, 158, 324, 203, 102, 62, 127, 261, 324, 110, 248, 324, 39, 324, 30, 26, 137, 195, 324, 29, 112, 324, 236, 154, 258, 324], "episode_rewards": [0.0, 0.0, 0.0, 0.0, 0.0, 0.0, 0.6194444444444445, 0.0, 0.0, 0.0, 0.4361111111111111, 0.0, 0.0, 0.0, 0.2749999999999999, 0.0, 0.0, 0.3111111111111111, 0.0, 0.0, 0.0, 0.0, 0.0, 0.0, 0.0, 0.0, 0.0, 0.0, 0.0, 0.0, 0.0, 0.0, 0.0], "episode_types": ["t", "t", "t", "t", "t", "t", "t", "t", "t", "t", "t", "t", "t", "t", "t", "t", "t", "t", "t", "t", "t", "t", "t", "t", "t", "t", "t", "t", "t", "t", "t", "t", "t", "t"]}