{"initial_reset_timestamp": 1604956322.67936, "timestamps": [1604956335.7365232, 1604956353.719647, 1604956355.0667148, 1604956356.2614794, 1604956358.4931192, 1604956360.0493593, 1604956360.3006105, 1604956362.4907725, 1604956365.9413052, 1604956366.677772, 1604956370.958594, 1604956373.609911, 1604956375.315753, 1604956377.1757388, 1604956378.454778, 1604956380.3513708, 1604956381.0295603, 1604956381.5566497, 1604956382.6105464, 1604956383.223451, 1604956384.1220338, 1604956384.974074, 1604956387.0483236, 1604956387.8812647, 1604956388.0977626, 1604956389.2821527, 1604956390.1092117, 1604956390.6394691, 1604956391.6682463, 1604956393.2555861, 1604956395.0583568, 1604956396.210105, 1604956397.0884173, 1604956397.7037826, 1604956399.091322, 1604956402.4645834, 1604956403.9823995, 1604956404.6329134, 1604956406.2420685], "episode_lengths": [42, 257, 29, 63, 204, 236, 51, 233, 324, 66, 324, 256, 227, 324, 203, 324, 110, 78, 186, 96, 150, 123, 324, 139, 44, 155, 50, 61, 112, 175, 194, 144, 90, 78, 129, 324, 153, 105, 145], "episode_rewards": [0.0, 0.0, 0.0, 0.0, 0.0, 0.0, 0.0, 0.0, 0.0, 0.0, 0.0, 0.28888888888888886, 0.0, 0.0, 0.0, 0.0, 0.0, 0.0, 0.0, 0.7333333333333334, 0.5833333333333333, 0.0, 0.0, 0.0, 0.0, 0.0, 0.0, 0.0, 0.0, 0.0, 0.0, 0.0, 0.0, 0.0, 0.0, 0.0, 0.0, 0.0, 0.0], "episode_types": ["t", "t", "t", "t", "t", "t", "t", "t", "t", "t", "t", "t", "t", "t", "t", "t", "t", "t", "t", "t", "t", "t", "t", "t", "t", "t", "t", "t", "t", "t", "t", "t", "t", "t", "t", "t", "t", "t", "t", "t"]}