{"initial_reset_timestamp": 1604956322.691958, "timestamps": [1604956335.1869192, 1604956342.430476, 1604956352.0390809, 1604956353.1818748, 1604956356.418876, 1604956359.4222603, 1604956360.6569216, 1604956362.647927, 1604956366.0632846, 1604956367.2323217, 1604956370.4028966, 1604956371.8702323, 1604956373.4921777, 1604956375.3851292, 1604956376.1788268, 1604956378.048158, 1604956378.9357574, 1604956380.422737, 1604956382.2642214, 1604956384.1121025, 1604956384.2337785, 1604956384.816114, 1604956386.7655158, 1604956387.5232887, 1604956390.383532, 1604956390.748881, 1604956391.782128, 1604956392.8087056, 1604956394.2550392, 1604956397.0972514, 1604956400.3019545, 1604956401.546805, 1604956404.0348902, 1604956406.4008021], "episode_lengths": [39, 65, 119, 35, 149, 324, 183, 207, 324, 91, 254, 127, 151, 258, 134, 324, 151, 242, 290, 314, 24, 73, 324, 123, 324, 42, 113, 112, 155, 324, 324, 125, 244, 264], "episode_rewards": [0.0, 0.0, 0.0, 0.0, 0.0, 0.0, 0.0, 0.0, 0.0, 0.0, 0.0, 0.0, 0.0, 0.0, 0.0, 0.0, 0.0, 0.0, 0.0, 0.0, 0.0, 0.0, 0.0, 0.0, 0.0, 0.0, 0.0, 0.0, 0.0, 0.0, 0.0, 0.0, 0.0, 0.0], "episode_types": ["t", "t", "t", "t", "t", "t", "t", "t", "t", "t", "t", "t", "t", "t", "t", "t", "t", "t", "t", "t", "t", "t", "t", "t", "t", "t", "t", "t", "t", "t", "t", "t", "t", "t", "t"]}