{"initial_reset_timestamp": 1604956322.6920562, "timestamps": [1604956349.9230425, 1604956352.2000597, 1604956357.943817, 1604956358.1457763, 1604956359.2482119, 1604956360.0246403, 1604956362.9250047, 1604956366.3096185, 1604956370.610675, 1604956373.8891118, 1604956376.1120963, 1604956377.9777217, 1604956378.4036257, 1604956380.2981005, 1604956381.733836, 1604956381.9870083, 1604956382.6684117, 1604956384.7843826, 1604956385.7740452, 1604956387.8175774, 1604956388.2630267, 1604956389.1306818, 1604956392.4028144, 1604956395.2683609, 1604956396.418893, 1604956399.5478485, 1604956400.0158083, 1604956401.0181458, 1604956402.5053241, 1604956403.519056, 1604956404.5577607, 1604956405.0699584], "episode_lengths": [200, 32, 288, 26, 150, 130, 324, 324, 324, 324, 324, 324, 58, 324, 236, 51, 109, 324, 160, 324, 90, 97, 324, 324, 135, 307, 58, 89, 150, 85, 152, 69], "episode_rewards": [0.0, 0.0, 0.0, 0.0, 0.0, 0.0, 0.0, 0.0, 0.0, 0.0, 0.0, 0.0, 0.0, 0.0, 0.0, 0.0, 0.0, 0.0, 0.0, 0.0, 0.0, 0.0, 0.0, 0.0, 0.0, 0.0, 0.0, 0.0, 0.0, 0.0, 0.5777777777777777, 0.0], "episode_types": ["t", "t", "t", "t", "t", "t", "t", "t", "t", "t", "t", "t", "t", "t", "t", "t", "t", "t", "t", "t", "t", "t", "t", "t", "t", "t", "t", "t", "t", "t", "t", "t", "t"]}