{"initial_reset_timestamp": 1604956322.6920233, "timestamps": [1604956349.4230852, 1604956357.958113, 1604956358.3771253, 1604956360.5429795, 1604956361.2198858, 1604956364.4299536, 1604956368.2454486, 1604956368.8888776, 1604956369.458698, 1604956369.7686017, 1604956373.410301, 1604956374.6916993, 1604956375.0387573, 1604956375.7358027, 1604956375.8280292, 1604956376.19496, 1604956378.0632133, 1604956378.6763875, 1604956379.3001947, 1604956381.195914, 1604956383.203744, 1604956383.551048, 1604956384.6856167, 1604956386.0166318, 1604956386.570814, 1604956388.183297, 1604956391.367863, 1604956391.7562485, 1604956394.8323212, 1604956395.5147815, 1604956396.4859793, 1604956397.8063443, 1604956401.016805, 1604956403.4225307, 1604956403.7364995, 1604956406.1230676], "episode_lengths": [198, 324, 57, 324, 77, 324, 324, 47, 30, 27, 324, 157, 70, 115, 18, 47, 324, 97, 97, 324, 324, 68, 157, 225, 84, 267, 324, 49, 324, 105, 100, 155, 293, 221, 25, 283], "episode_rewards": [0.0, 0.0, 0.8416666666666667, 0.0, 0.0, 0.0, 0.0, 0.0, 0.0, 0.0, 0.0, 0.0, 0.0, 0.0, 0.0, 0.0, 0.0, 0.0, 0.0, 0.0, 0.0, 0.0, 0.0, 0.0, 0.0, 0.2583333333333333, 0.0, 0.0, 0.0, 0.0, 0.0, 0.0, 0.0, 0.0, 0.0, 0.2138888888888889], "episode_types": ["t", "t", "t", "t", "t", "t", "t", "t", "t", "t", "t", "t", "t", "t", "t", "t", "t", "t", "t", "t", "t", "t", "t", "t", "t", "t", "t", "t", "t", "t", "t", "t", "t", "t", "t", "t", "t"]}