{"initial_reset_timestamp": 1604956322.679351, "timestamps": [1604956343.1753826, 1604956356.7581036, 1604956358.578217, 1604956359.0588858, 1604956360.5364666, 1604956363.6739674, 1604956364.3417046, 1604956368.0720866, 1604956372.2223828, 1604956372.4697998, 1604956372.9200642, 1604956373.6099114, 1604956374.1317544, 1604956374.7947667, 1604956376.6599634, 1604956377.2157023, 1604956377.6774795, 1604956379.5618415, 1604956380.367052, 1604956381.210789, 1604956383.2185352, 1604956383.486847, 1604956384.1054764, 1604956386.277073, 1604956387.0829616, 1604956387.9144163, 1604956388.451203, 1604956389.3941896, 1604956390.892756, 1604956393.7377355, 1604956395.2047405, 1604956398.067445, 1604956399.9200633, 1604956403.4359732, 1604956404.06903, 1604956405.5170488], "episode_lengths": [120, 324, 163, 49, 246, 324, 65, 324, 324, 26, 49, 71, 68, 81, 324, 86, 65, 324, 133, 142, 324, 53, 95, 324, 133, 138, 95, 117, 114, 308, 172, 324, 174, 324, 92, 187], "episode_rewards": [0.0, 0.0, 0.5472222222222223, 0.0, 0.0, 0.0, 0.0, 0.0, 0.0, 0.0, 0.0, 0.0, 0.8111111111111111, 0.0, 0.0, 0.0, 0.0, 0.0, 0.0, 0.0, 0.0, 0.0, 0.0, 0.0, 0.0, 0.6166666666666667, 0.0, 0.0, 0.0, 0.0, 0.5222222222222221, 0.0, 0.0, 0.0, 0.0, 0.0], "episode_types": ["t", "t", "t", "t", "t", "t", "t", "t", "t", "t", "t", "t", "t", "t", "t", "t", "t", "t", "t", "t", "t", "t", "t", "t", "t", "t", "t", "t", "t", "t", "t", "t", "t", "t", "t", "t", "t"]}