{"initial_reset_timestamp": 1604956322.6920097, "timestamps": [1604956338.9756944, 1604956352.0900373, 1604956358.1661, 1604956359.4214284, 1604956362.01838, 1604956363.4222689, 1604956366.8257675, 1604956367.95195, 1604956372.1349924, 1604956372.6984384, 1604956374.755529, 1604956375.690553, 1604956376.5763183, 1604956377.6682348, 1604956377.9311578, 1604956379.9684768, 1604956381.1685526, 1604956381.7792912, 1604956383.8102078, 1604956385.8424013, 1604956387.8831697, 1604956390.765197, 1604956393.2705674, 1604956394.4523392, 1604956396.5000534, 1604956399.7543228, 1604956400.309376, 1604956403.519058, 1604956405.1799126], "episode_lengths": [70, 155, 324, 182, 324, 138, 324, 90, 324, 58, 237, 163, 152, 166, 54, 324, 215, 97, 324, 324, 324, 324, 275, 124, 242, 324, 62, 295, 238], "episode_rewards": [0.0, 0.0, 0.0, 0.0, 0.0, 0.6166666666666667, 0.0, 0.0, 0.0, 0.0, 0.0, 0.0, 0.5777777777777777, 0.0, 0.85, 0.0, 0.4027777777777778, 0.0, 0.0, 0.0, 0.0, 0.0, 0.0, 0.0, 0.0, 0.0, 0.0, 0.0, 0.0], "episode_types": ["t", "t", "t", "t", "t", "t", "t", "t", "t", "t", "t", "t", "t", "t", "t", "t", "t", "t", "t", "t", "t", "t", "t", "t", "t", "t", "t", "t", "t", "t"]}