{"initial_reset_timestamp": 1604956322.691998, "timestamps": [1604956347.363854, 1604956354.3215024, 1604956356.332385, 1604956358.6985445, 1604956360.9315395, 1604956364.0822124, 1604956366.374335, 1604956366.6052067, 1604956370.8799765, 1604956372.17859, 1604956373.6316085, 1604956374.8820534, 1604956376.8806236, 1604956377.8722446, 1604956378.346352, 1604956379.6025963, 1604956380.3573675, 1604956381.0659258, 1604956381.1957397, 1604956382.4091315, 1604956383.943892, 1604956385.1314108, 1604956386.2881365, 1604956387.2961063, 1604956389.9035764, 1604956390.6045442, 1604956390.8319564, 1604956393.8386261, 1604956396.596421, 1604956399.7084208, 1604956403.0597055, 1604956405.038097, 1604956405.2685852], "episode_lengths": [164, 143, 90, 227, 324, 324, 204, 26, 324, 108, 154, 163, 324, 174, 68, 224, 123, 116, 25, 192, 251, 185, 173, 174, 324, 70, 25, 324, 324, 305, 324, 255, 35], "episode_rewards": [0.0, 0.0, 0.0, 0.0, 0.0, 0.0, 0.0, 0.0, 0.0, 0.0, 0.5722222222222222, 0.5472222222222223, 0.0, 0.0, 0.0, 0.0, 0.6583333333333333, 0.0, 0.0, 0.0, 0.0, 0.0, 0.0, 0.0, 0.0, 0.0, 0.0, 0.0, 0.0, 0.0, 0.0, 0.0, 0.0], "episode_types": ["t", "t", "t", "t", "t", "t", "t", "t", "t", "t", "t", "t", "t", "t", "t", "t", "t", "t", "t", "t", "t", "t", "t", "t", "t", "t", "t", "t", "t", "t", "t", "t", "t", "t"]}