{"initial_reset_timestamp": 1604956322.7038898, "timestamps": [1604956341.928746, 1604956348.1715415, 1604956352.3660982, 1604956354.2723906, 1604956354.9394588, 1604956358.9960623, 1604956360.2125366, 1604956361.039073, 1604956363.3130448, 1604956366.1615105, 1604956368.460111, 1604956369.6058426, 1604956373.1495643, 1604956374.5316017, 1604956376.1799655, 1604956376.4385805, 1604956377.6081011, 1604956379.492351, 1604956379.9318218, 1604956380.7634552, 1604956381.1797554, 1604956383.1892626, 1604956384.8671854, 1604956385.4837973, 1604956387.1183867, 1604956387.8991382, 1604956388.3311265, 1604956389.008263, 1604956389.82617, 1604956392.7893171, 1604956393.435915, 1604956395.837285, 1604956397.5814803, 1604956401.0017946, 1604956403.7352693, 1604956404.577587], "episode_lengths": [102, 79, 62, 61, 20, 324, 216, 100, 216, 275, 195, 64, 324, 151, 271, 53, 182, 324, 59, 141, 83, 324, 261, 86, 271, 128, 87, 67, 63, 324, 75, 265, 201, 324, 248, 145], "episode_rewards": [0.0, 0.0, 0.0, 0.0, 0.0, 0.0, 0.0, 0.0, 0.0, 0.0, 0.0, 0.0, 0.0, 0.0, 0.0, 0.0, 0.0, 0.0, 0.0, 0.0, 0.0, 0.0, 0.2749999999999999, 0.0, 0.24722222222222212, 0.0, 0.0, 0.0, 0.0, 0.0, 0.0, 0.0, 0.44166666666666665, 0.0, 0.0, 0.0], "episode_types": ["t", "t", "t", "t", "t", "t", "t", "t", "t", "t", "t", "t", "t", "t", "t", "t", "t", "t", "t", "t", "t", "t", "t", "t", "t", "t", "t", "t", "t", "t", "t", "t", "t", "t", "t", "t", "t"]}