{"initial_reset_timestamp": 1604956322.695875, "timestamps": [1604956339.4711607, 1604956356.3016498, 1604956357.9013157, 1604956358.5792603, 1604956359.3622692, 1604956359.5862162, 1604956361.7828324, 1604956362.5632818, 1604956363.2401936, 1604956366.566087, 1604956370.8360326, 1604956372.0602782, 1604956374.8613093, 1604956376.8599303, 1604956378.7339225, 1604956380.7630475, 1604956382.4093168, 1604956383.442833, 1604956384.2128308, 1604956384.3133702, 1604956386.4759219, 1604956387.0137331, 1604956389.1067584, 1604956392.0860972, 1604956392.9116476, 1604956394.7787626, 1604956397.4619448, 1604956400.901597, 1604956404.0546024], "episode_lengths": [71, 324, 119, 93, 112, 45, 272, 82, 55, 324, 324, 102, 324, 324, 324, 324, 278, 179, 125, 20, 324, 79, 315, 302, 87, 192, 324, 324, 324], "episode_rewards": [0.0, 0.0, 0.0, 0.0, 0.0, 0.0, 0.0, 0.0, 0.0, 0.0, 0.0, 0.0, 0.0, 0.0, 0.0, 0.0, 0.0, 0.0, 0.0, 0.0, 0.0, 0.0, 0.0, 0.0, 0.0, 0.0, 0.0, 0.0, 0.0], "episode_types": ["t", "t", "t", "t", "t", "t", "t", "t", "t", "t", "t", "t", "t", "t", "t", "t", "t", "t", "t", "t", "t", "t", "t", "t", "t", "t", "t", "t", "t", "t"]}