{"initial_reset_timestamp": 1604956322.7038827, "timestamps": [1604956354.936882, 1604956358.996224, 1604956361.1613953, 1604956361.7538583, 1604956362.0498714, 1604956362.3818207, 1604956362.8325927, 1604956365.9901175, 1604956369.1773744, 1604956369.7404988, 1604956373.3902714, 1604956374.8923016, 1604956375.7732403, 1604956377.777115, 1604956379.6672618, 1604956381.153423, 1604956383.1650014, 1604956385.2141347, 1604956386.5551405, 1604956387.9098787, 1604956390.8257766, 1604956393.8315952, 1604956396.5809257, 1604956397.386688, 1604956400.4629364, 1604956403.8732655, 1604956406.5711062], "episode_lengths": [324, 324, 324, 60, 27, 41, 38, 304, 256, 31, 324, 200, 152, 324, 324, 244, 324, 324, 215, 214, 324, 324, 323, 88, 298, 324, 324], "episode_rewards": [0.0, 0.0, 0.0, 0.0, 0.0, 0.0, 0.0, 0.0, 0.28888888888888886, 0.0, 0.0, 0.0, 0.0, 0.0, 0.0, 0.0, 0.0, 0.0, 0.0, 0.0, 0.0, 0.0, 0.0, 0.0, 0.0, 0.0, 0.0], "episode_types": ["t", "t", "t", "t", "t", "t", "t", "t", "t", "t", "t", "t", "t", "t", "t", "t", "t", "t", "t", "t", "t", "t", "t", "t", "t", "t", "t", "t"]}