{"initial_reset_timestamp": 1604956322.7038822, "timestamps": [1604956354.938682, 1604956358.9959977, 1604956359.7364557, 1604956360.7485244, 1604956363.1053574, 1604956363.9147768, 1604956367.6543298, 1604956371.4467819, 1604956374.6134782, 1604956376.4981043, 1604956378.5037131, 1604956380.402893, 1604956380.9536803, 1604956382.7286983, 1604956383.6067069, 1604956385.7746472, 1604956386.3177776, 1604956387.1504726, 1604956387.56116, 1604956389.903192, 1604956392.912914, 1604956394.1224563, 1604956396.1319122, 1604956399.211121, 1604956402.5831358, 1604956404.0753508, 1604956404.676135, 1604956405.6012287, 1604956406.4208176, 1604956406.7080014], "episode_lengths": [324, 324, 120, 161, 227, 98, 324, 299, 324, 324, 324, 324, 85, 302, 148, 324, 80, 138, 82, 272, 324, 128, 236, 324, 324, 156, 96, 102, 61, 37], "episode_rewards": [0.0, 0.0, 0.0, 0.0, 0.0, 0.0, 0.0, 0.1694444444444444, 0.0, 0.0, 0.0, 0.0, 0.0, 0.1611111111111111, 0.0, 0.0, 0.0, 0.0, 0.0, 0.24444444444444446, 0.0, 0.0, 0.0, 0.0, 0.0, 0.0, 0.0, 0.0, 0.0, 0.8972222222222223], "episode_types": ["t", "t", "t", "t", "t", "t", "t", "t", "t", "t", "t", "t", "t", "t", "t", "t", "t", "t", "t", "t", "t", "t", "t", "t", "t", "t", "t", "t", "t", "t", "t"]}