{"initial_reset_timestamp": 1604956322.6792243, "timestamps": [1604956345.5516222, 1604956356.7892916, 1604956358.6561377, 1604956360.888959, 1604956363.6501415, 1604956364.6700125, 1604956366.9139235, 1604956371.1055436, 1604956374.2434468, 1604956376.3328981, 1604956378.336983, 1604956380.2369533, 1604956381.3013847, 1604956382.7877278, 1604956384.9158733, 1604956385.937872, 1604956386.7852056, 1604956389.0505793, 1604956391.5944521, 1604956394.1563907, 1604956397.0257127, 1604956398.5180159, 1604956401.7898235, 1604956404.6747174, 1604956405.1466634, 1604956405.4710484], "episode_lengths": [140, 305, 173, 324, 281, 102, 195, 324, 324, 324, 324, 324, 186, 246, 324, 168, 142, 324, 250, 281, 324, 159, 324, 324, 56, 28], "episode_rewards": [0.0, 0.0, 0.0, 0.0, 0.0, 0.0, 0.0, 0.0, 0.0, 0.0, 0.0, 0.0, 0.4833333333333333, 0.0, 0.0, 0.0, 0.6055555555555556, 0.0, 0.3055555555555556, 0.0, 0.0, 0.0, 0.0, 0.0, 0.0, 0.0], "episode_types": ["t", "t", "t", "t", "t", "t", "t", "t", "t", "t", "t", "t", "t", "t", "t", "t", "t", "t", "t", "t", "t", "t", "t", "t", "t", "t", "t"]}