{"initial_reset_timestamp": 1604956322.6919787, "timestamps": [1604956331.3795624, 1604956355.2169185, 1604956358.4574409, 1604956359.1995952, 1604956360.6499588, 1604956361.982546, 1604956364.7656686, 1604956365.3902416, 1604956366.4903665, 1604956367.0763607, 1604956371.267109, 1604956374.4832544, 1604956376.3980699, 1604956377.9571304, 1604956378.696461, 1604956380.7284517, 1604956381.622398, 1604956383.5089154, 1604956384.2489524, 1604956386.4134443, 1604956387.0430622, 1604956387.2092566, 1604956389.3419785, 1604956389.8921375, 1604956392.8979495, 1604956394.2476616, 1604956395.558388, 1604956398.2740011, 1604956401.6692967, 1604956403.111935, 1604956406.1105769, 1604956406.1717665, 1604956406.3611186], "episode_lengths": [19, 324, 247, 96, 227, 137, 288, 65, 87, 43, 324, 324, 324, 261, 122, 324, 153, 324, 119, 324, 97, 33, 316, 24, 324, 144, 169, 296, 324, 124, 324, 10, 29], "episode_rewards": [0.0, 0.0, 0.0, 0.0, 0.0, 0.0, 0.0, 0.0, 0.0, 0.0, 0.0, 0.0, 0.0, 0.2749999999999999, 0.0, 0.0, 0.0, 0.0, 0.0, 0.0, 0.0, 0.0, 0.0, 0.0, 0.0, 0.0, 0.0, 0.1777777777777778, 0.0, 0.0, 0.0, 0.0, 0.0], "episode_types": ["t", "t", "t", "t", "t", "t", "t", "t", "t", "t", "t", "t", "t", "t", "t", "t", "t", "t", "t", "t", "t", "t", "t", "t", "t", "t", "t", "t", "t", "t", "t", "t", "t", "t"]}