{"initial_reset_timestamp": 1604956322.7038867, "timestamps": [1604956348.8880558, 1604956357.288824, 1604956360.0510216, 1604956360.9996107, 1604956364.2840228, 1604956366.2085097, 1604956366.4679706, 1604956369.9948504, 1604956373.0112052, 1604956374.8066373, 1604956375.8031993, 1604956376.0777662, 1604956377.942064, 1604956378.5807405, 1604956378.7281191, 1604956379.508569, 1604956380.6752193, 1604956382.0379853, 1604956383.4987385, 1604956384.3945482, 1604956386.5026636, 1604956387.5499673, 1604956390.2100825, 1604956393.099028, 1604956395.9754136, 1604956397.1051223, 1604956400.3105223, 1604956402.6454759, 1604956405.295634], "episode_lengths": [195, 312, 324, 127, 324, 179, 26, 264, 274, 211, 175, 28, 324, 102, 29, 128, 179, 248, 238, 139, 324, 180, 297, 324, 324, 121, 324, 226, 324], "episode_rewards": [0.0, 0.0, 0.0, 0.0, 0.0, 0.0, 0.0, 0.0, 0.0, 0.0, 0.0, 0.0, 0.0, 0.0, 0.0, 0.0, 0.0, 0.0, 0.0, 0.0, 0.0, 0.0, 0.17500000000000004, 0.0, 0.0, 0.0, 0.0, 0.37222222222222223, 0.0], "episode_types": ["t", "t", "t", "t", "t", "t", "t", "t", "t", "t", "t", "t", "t", "t", "t", "t", "t", "t", "t", "t", "t", "t", "t", "t", "t", "t", "t", "t", "t", "t"]}