{"initial_reset_timestamp": 1604956322.6793365, "timestamps": [1604956341.287605, 1604956352.8533242, 1604956355.0481613, 1604956356.4506195, 1604956357.9135883, 1604956358.564713, 1604956359.3321633, 1604956361.7885814, 1604956362.2183735, 1604956362.7775831, 1604956366.159278, 1604956368.0170338, 1604956371.0047753, 1604956372.7404752, 1604956375.2962117, 1604956376.5356865, 1604956378.0682435, 1604956378.5791824, 1604956380.017946, 1604956381.8870049, 1604956382.3211358, 1604956384.2227352, 1604956386.3886936, 1604956386.7751706, 1604956389.0397837, 1604956391.0154626, 1604956392.5700383, 1604956393.0041277, 1604956393.2554548, 1604956394.4382985, 1604956396.5717769, 1604956397.4258206, 1604956398.7851076, 1604956400.9421284, 1604956404.0690935, 1604956405.4482458, 1604956406.7067435], "episode_lengths": [94, 150, 82, 85, 105, 89, 108, 324, 43, 51, 324, 154, 223, 162, 314, 225, 255, 77, 230, 324, 60, 324, 324, 77, 324, 192, 172, 49, 25, 124, 254, 95, 127, 205, 324, 178, 119], "episode_rewards": [0.0, 0.0, 0.0, 0.0, 0.7083333333333333, 0.0, 0.0, 0.0, 0.0, 0.0, 0.0, 0.0, 0.0, 0.0, 0.0, 0.0, 0.0, 0.0, 0.0, 0.0, 0.0, 0.0, 0.0, 0.0, 0.0, 0.0, 0.0, 0.0, 0.0, 0.6555555555555556, 0.0, 0.0, 0.0, 0.0, 0.0, 0.0, 0.0], "episode_types": ["t", "t", "t", "t", "t", "t", "t", "t", "t", "t", "t", "t", "t", "t", "t", "t", "t", "t", "t", "t", "t", "t", "t", "t", "t", "t", "t", "t", "t", "t", "t", "t", "t", "t", "t", "t", "t", "t"]}