{"initial_reset_timestamp": 1604956322.6919384, "timestamps": [1604956330.7153392, 1604956333.750147, 1604956349.9200845, 1604956355.5500262, 1604956359.268472, 1604956359.9903567, 1604956360.9313111, 1604956361.912189, 1604956362.1427662, 1604956362.8095229, 1604956363.1120107, 1604956364.4830499, 1604956368.323025, 1604956372.4283795, 1604956374.7395604, 1604956374.9170494, 1604956376.9149375, 1604956377.6437736, 1604956378.0629234, 1604956380.0939138, 1604956381.2538242, 1604956383.2595534, 1604956383.514695, 1604956385.6795752, 1604956386.5913, 1604956388.7807603, 1604956390.316305, 1604956393.286667, 1604956395.8363008, 1604956398.8667307, 1604956402.255897, 1604956404.9970238], "episode_lengths": [17, 16, 167, 176, 324, 120, 128, 99, 25, 63, 22, 155, 324, 324, 263, 35, 324, 120, 85, 324, 205, 324, 50, 324, 153, 324, 155, 324, 283, 324, 324, 324], "episode_rewards": [0.0, 0.0, 0.0, 0.0, 0.0, 0.0, 0.6444444444444444, 0.0, 0.0, 0.0, 0.0, 0.0, 0.0, 0.0, 0.0, 0.0, 0.0, 0.0, 0.0, 0.0, 0.43055555555555547, 0.0, 0.0, 0.0, 0.0, 0.0, 0.0, 0.0, 0.0, 0.0, 0.0, 0.0], "episode_types": ["t", "t", "t", "t", "t", "t", "t", "t", "t", "t", "t", "t", "t", "t", "t", "t", "t", "t", "t", "t", "t", "t", "t", "t", "t", "t", "t", "t", "t", "t", "t", "t", "t"]}