{"initial_reset_timestamp": 1604956322.691929, "timestamps": [1604956325.830453, 1604956353.6333375, 1604956354.9355001, 1604956357.248744, 1604956360.0246413, 1604956361.4540317, 1604956364.7292714, 1604956368.5264575, 1604956372.6102736, 1604956373.5559957, 1604956375.3796403, 1604956376.1735427, 1604956377.246409, 1604956377.3502653, 1604956379.3690114, 1604956380.9742737, 1604956381.9264362, 1604956383.9588928, 1604956384.6346786, 1604956385.1016889, 1604956387.160315, 1604956388.0375133, 1604956389.2388093, 1604956392.5237367, 1604956395.377163, 1604956396.714681, 1604956398.6267757, 1604956400.0793672, 1604956401.4265442, 1604956401.7827759, 1604956404.609901], "episode_lengths": [1, 292, 31, 178, 324, 183, 324, 324, 324, 96, 248, 134, 191, 21, 324, 267, 165, 324, 94, 83, 324, 149, 160, 324, 324, 154, 190, 140, 136, 38, 311], "episode_rewards": [0.0, 0.0, 0.0, 0.5055555555555555, 0.0, 0.0, 0.0, 0.0, 0.0, 0.0, 0.0, 0.0, 0.0, 0.0, 0.0, 0.0, 0.0, 0.0, 0.0, 0.0, 0.0, 0.0, 0.0, 0.0, 0.0, 0.5722222222222222, 0.4722222222222222, 0.0, 0.0, 0.0, 0.0], "episode_types": ["t", "t", "t", "t", "t", "t", "t", "t", "t", "t", "t", "t", "t", "t", "t", "t", "t", "t", "t", "t", "t", "t", "t", "t", "t", "t", "t", "t", "t", "t", "t", "t"]}