{"initial_reset_timestamp": 1604956322.6920397, "timestamps": [1604956352.3604875, 1604956355.8204722, 1604956358.685259, 1604956360.9172654, 1604956362.3147106, 1604956362.8780668, 1604956366.2622497, 1604956369.9135969, 1604956372.7829776, 1604956374.8611352, 1604956375.5172641, 1604956376.284278, 1604956377.2865572, 1604956377.7708368, 1604956379.4245064, 1604956380.225747, 1604956381.632551, 1604956382.6166868, 1604956384.7298691, 1604956386.6862752, 1604956387.909465, 1604956388.5066438, 1604956389.1911209, 1604956391.5820794, 1604956392.495244, 1604956395.1854398, 1604956396.2593746, 1604956399.5638747, 1604956402.9315488, 1604956403.4018664, 1604956406.2025924], "episode_lengths": [243, 146, 233, 324, 145, 53, 324, 280, 251, 248, 107, 128, 176, 70, 278, 132, 229, 171, 324, 324, 188, 97, 82, 225, 103, 297, 133, 324, 324, 39, 324], "episode_rewards": [0.0, 0.0, 0.0, 0.0, 0.0, 0.0, 0.0, 0.0, 0.0, 0.0, 0.0, 0.0, 0.0, 0.0, 0.0, 0.6333333333333333, 0.0, 0.0, 0.0, 0.0, 0.0, 0.0, 0.0, 0.0, 0.0, 0.17500000000000004, 0.0, 0.0, 0.0, 0.0, 0.0], "episode_types": ["t", "t", "t", "t", "t", "t", "t", "t", "t", "t", "t", "t", "t", "t", "t", "t", "t", "t", "t", "t", "t", "t", "t", "t", "t", "t", "t", "t", "t", "t", "t", "t"]}